[
{"cleaned_name": "index.html", "url": "https://bleach.readthedocs.io/en/latest/", "size": "23322", "referer": null, "title": "Bleach \u2014 Bleach 5.0.0 20220407 documentation"},
{"cleaned_name": "search.html", "url": "https://bleach.readthedocs.io/en/latest/search.html", "size": "4794", "referer": "https://bleach.readthedocs.io/en/latest/", "title": "Search \u2014 Bleach 5.0.0 20220407 documentation"},
{"cleaned_name": "genindex.html", "url": "https://bleach.readthedocs.io/en/latest/genindex.html", "size": "7338", "referer": "https://bleach.readthedocs.io/en/latest/", "title": "Index \u2014 Bleach 5.0.0 20220407 documentation"},
{"cleaned_name": "migrating.html", "url": "https://bleach.readthedocs.io/en/latest/migrating.html", "size": "14151", "referer": "https://bleach.readthedocs.io/en/latest/", "title": "Migrating from the html5lib sanitizer \u2014 Bleach 5.0.0 20220407 documentation"},
{"cleaned_name": "dev.html", "url": "https://bleach.readthedocs.io/en/latest/dev.html", "size": "12600", "referer": "https://bleach.readthedocs.io/en/latest/", "title": "Bleach development \u2014 Bleach 5.0.0 20220407 documentation"},
{"cleaned_name": "goals.html", "url": "https://bleach.readthedocs.io/en/latest/goals.html", "size": "21408", "referer": "https://bleach.readthedocs.io/en/latest/", "title": "Goals of Bleach \u2014 Bleach 5.0.0 20220407 documentation"},
{"cleaned_name": "linkify.html", "url": "https://bleach.readthedocs.io/en/latest/linkify.html", "size": "64195", "referer": "https://bleach.readthedocs.io/en/latest/", "title": "Linkifying text fragments \u2014 Bleach 5.0.0 20220407 documentation"},
{"cleaned_name": "clean.html", "url": "https://bleach.readthedocs.io/en/latest/clean.html", "size": "58916", "referer": "https://bleach.readthedocs.io/en/latest/", "title": "Sanitizing text fragments \u2014 Bleach 5.0.0 20220407 documentation"},
{"cleaned_name": "changes.html", "url": "https://bleach.readthedocs.io/en/latest/changes.html", "size": "55099", "referer": "https://bleach.readthedocs.io/en/latest/", "title": "Bleach changes \u2014 Bleach 5.0.0 20220407 documentation"},
{"cleaned_name": "_modules_bleach_linkifier.html", "url": "https://bleach.readthedocs.io/en/latest/_modules/bleach/linkifier.html", "size": "65316", "referer": "https://bleach.readthedocs.io/en/latest/linkify.html", "title": "bleach.linkifier \u2014 Bleach 5.0.0 20220407 documentation"},
{"cleaned_name": "_modules_bleach.html", "url": "https://bleach.readthedocs.io/en/latest/_modules/bleach.html", "size": "13197", "referer": "https://bleach.readthedocs.io/en/latest/linkify.html", "title": "bleach \u2014 Bleach 5.0.0 20220407 documentation"},
{"cleaned_name": "_modules_bleach_sanitizer.html", "url": "https://bleach.readthedocs.io/en/latest/_modules/bleach/sanitizer.html", "size": "68239", "referer": "https://bleach.readthedocs.io/en/latest/clean.html", "title": "bleach.sanitizer \u2014 Bleach 5.0.0 20220407 documentation"},
{"cleaned_name": "_modules_index.html", "url": "https://bleach.readthedocs.io/en/latest/_modules/index.html", "size": "4747", "referer": "https://bleach.readthedocs.io/en/latest/_modules/bleach/linkifier.html", "title": "Overview: module code \u2014 Bleach 5.0.0 20220407 documentation"}
]