[
{"cleaned_name": "index.html", "url": "https://docs.python-cerberus.org/en/stable/", "size": "32974", "referer": null, "title": "Welcome to Cerberus \u2014 Cerberus is a lightweight and extensible data validation library for Python"},
{"cleaned_name": "license.html", "url": "https://docs.python-cerberus.org/en/stable/license.html", "size": "9277", "referer": "https://docs.python-cerberus.org/en/stable/", "title": "License \u2014 Cerberus is a lightweight and extensible data validation library for Python"},
{"cleaned_name": "contact.html", "url": "https://docs.python-cerberus.org/en/stable/contact.html", "size": "11211", "referer": "https://docs.python-cerberus.org/en/stable/", "title": "Contact \u2014 Cerberus is a lightweight and extensible data validation library for Python"},
{"cleaned_name": "authors.html", "url": "https://docs.python-cerberus.org/en/stable/authors.html", "size": "10617", "referer": "https://docs.python-cerberus.org/en/stable/", "title": "Authors \u2014 Cerberus is a lightweight and extensible data validation library for Python"},
{"cleaned_name": "upgrading.html", "url": "https://docs.python-cerberus.org/en/stable/upgrading.html", "size": "20984", "referer": "https://docs.python-cerberus.org/en/stable/", "title": "Upgrading to Cerberus 1.0 \u2014 Cerberus is a lightweight and extensible data validation library for Python"},
{"cleaned_name": "changelog.html", "url": "https://docs.python-cerberus.org/en/stable/changelog.html", "size": "54391", "referer": "https://docs.python-cerberus.org/en/stable/", "title": "Cerberus Changelog \u2014 Cerberus is a lightweight and extensible data validation library for Python"},
{"cleaned_name": "external_resources.html", "url": "https://docs.python-cerberus.org/en/stable/external_resources.html", "size": "12219", "referer": "https://docs.python-cerberus.org/en/stable/", "title": "External resources \u2014 Cerberus is a lightweight and extensible data validation library for Python"},
{"cleaned_name": "faq.html", "url": "https://docs.python-cerberus.org/en/stable/faq.html", "size": "9178", "referer": "https://docs.python-cerberus.org/en/stable/", "title": "Frequently Asked Questions \u2014 Cerberus is a lightweight and extensible data validation library for Python"},
{"cleaned_name": "contribute.html", "url": "https://docs.python-cerberus.org/en/stable/contribute.html", "size": "21920", "referer": "https://docs.python-cerberus.org/en/stable/", "title": "How to Contribute \u2014 Cerberus is a lightweight and extensible data validation library for Python"},
{"cleaned_name": "customize.html", "url": "https://docs.python-cerberus.org/en/stable/customize.html", "size": "48381", "referer": "https://docs.python-cerberus.org/en/stable/", "title": "Extending Cerberus \u2014 Cerberus is a lightweight and extensible data validation library for Python"},
{"cleaned_name": "errors.html", "url": "https://docs.python-cerberus.org/en/stable/errors.html", "size": "20677", "referer": "https://docs.python-cerberus.org/en/stable/", "title": "Errors & Error Handling \u2014 Cerberus is a lightweight and extensible data validation library for Python"},
{"cleaned_name": "normalization-rules.html", "url": "https://docs.python-cerberus.org/en/stable/normalization-rules.html", "size": "27077", "referer": "https://docs.python-cerberus.org/en/stable/", "title": "Normalization Rules \u2014 Cerberus is a lightweight and extensible data validation library for Python"},
{"cleaned_name": "validation-rules.html", "url": "https://docs.python-cerberus.org/en/stable/validation-rules.html", "size": "123977", "referer": "https://docs.python-cerberus.org/en/stable/", "title": "Validation Rules \u2014 Cerberus is a lightweight and extensible data validation library for Python"},
{"cleaned_name": "schemas.html", "url": "https://docs.python-cerberus.org/en/stable/schemas.html", "size": "23694", "referer": "https://docs.python-cerberus.org/en/stable/", "title": "Validation Schemas \u2014 Cerberus is a lightweight and extensible data validation library for Python"},
{"cleaned_name": "usage.html", "url": "https://docs.python-cerberus.org/en/stable/usage.html", "size": "37130", "referer": "https://docs.python-cerberus.org/en/stable/", "title": "Cerberus Usage \u2014 Cerberus is a lightweight and extensible data validation library for Python"},
{"cleaned_name": "install.html", "url": "https://docs.python-cerberus.org/en/stable/install.html", "size": "11869", "referer": "https://docs.python-cerberus.org/en/stable/", "title": "Cerberus Installation \u2014 Cerberus is a lightweight and extensible data validation library for Python"},
{"cleaned_name": "funding.html", "url": "https://docs.python-cerberus.org/en/stable/funding.html", "size": "10527", "referer": "https://docs.python-cerberus.org/en/stable/", "title": "Funding \u2014 Cerberus is a lightweight and extensible data validation library for Python"},
{"cleaned_name": "api.html", "url": "https://docs.python-cerberus.org/en/stable/api.html", "size": "98301", "referer": "https://docs.python-cerberus.org/en/stable/", "title": "API Documentation \u2014 Cerberus is a lightweight and extensible data validation library for Python"}
]