[
{"cleaned_name": "index.html", "url": "https://delorean.readthedocs.io/en/latest/", "size": "12501", "referer": null, "title": "Delorean: Time Travel Made Easy \u2014 delorean 1.0.0 documentation"},
{"cleaned_name": "contribution.html", "url": "https://delorean.readthedocs.io/en/latest/contribution.html", "size": "8870", "referer": "https://delorean.readthedocs.io/en/latest/", "title": "Contribution \u2014 delorean 1.0.0 documentation"},
{"cleaned_name": "interface.html", "url": "https://delorean.readthedocs.io/en/latest/interface.html", "size": "36000", "referer": "https://delorean.readthedocs.io/en/latest/", "title": "Interface \u2014 delorean 1.0.0 documentation"},
{"cleaned_name": "quickstart.html", "url": "https://delorean.readthedocs.io/en/latest/quickstart.html", "size": "37851", "referer": "https://delorean.readthedocs.io/en/latest/", "title": "Usage \u2014 delorean 1.0.0 documentation"},
{"cleaned_name": "install.html", "url": "https://delorean.readthedocs.io/en/latest/install.html", "size": "8265", "referer": "https://delorean.readthedocs.io/en/latest/", "title": "Installation \u2014 delorean 1.0.0 documentation"},
{"cleaned_name": "license.html", "url": "https://delorean.readthedocs.io/en/latest/license.html", "size": "7197", "referer": "https://delorean.readthedocs.io/en/latest/", "title": "License \u2014 delorean 1.0.0 documentation"},
{"cleaned_name": "py-modindex.html", "url": "https://delorean.readthedocs.io/en/latest/py-modindex.html", "size": "5921", "referer": "https://delorean.readthedocs.io/en/latest/", "title": "Python Module Index \u2014 delorean 1.0.0 documentation"},
{"cleaned_name": "genindex.html", "url": "https://delorean.readthedocs.io/en/latest/genindex.html", "size": "11470", "referer": "https://delorean.readthedocs.io/en/latest/", "title": "Index \u2014 delorean 1.0.0 documentation"}
]