[
{"cleaned_name": "index.html", "url": "https://python-jsonschema.readthedocs.io/en/stable/", "size": "25730", "referer": null, "title": "jsonschema 4.4.0 documentation"},
{"cleaned_name": "search_.html", "url": "https://python-jsonschema.readthedocs.io/en/stable/search/", "size": "11032", "referer": "https://python-jsonschema.readthedocs.io/en/stable/", "title": "Search - jsonschema 4.4.0 documentation"},
{"cleaned_name": "genindex_.html", "url": "https://python-jsonschema.readthedocs.io/en/stable/genindex/", "size": "26656", "referer": "https://python-jsonschema.readthedocs.io/en/stable/", "title": "Index - jsonschema 4.4.0 documentation"},
{"cleaned_name": "faq_.html", "url": "https://python-jsonschema.readthedocs.io/en/stable/faq/", "size": "31289", "referer": "https://python-jsonschema.readthedocs.io/en/stable/", "title": "Frequently Asked Questions - jsonschema 4.4.0 documentation"},
{"cleaned_name": "creating_.html", "url": "https://python-jsonschema.readthedocs.io/en/stable/creating/", "size": "28676", "referer": "https://python-jsonschema.readthedocs.io/en/stable/", "title": "Creating or Extending Validator Classes - jsonschema 4.4.0 documentation"},
{"cleaned_name": "references_.html", "url": "https://python-jsonschema.readthedocs.io/en/stable/references/", "size": "27964", "referer": "https://python-jsonschema.readthedocs.io/en/stable/", "title": "Resolving JSON References - jsonschema 4.4.0 documentation"},
{"cleaned_name": "errors_.html", "url": "https://python-jsonschema.readthedocs.io/en/stable/errors/", "size": "70028", "referer": "https://python-jsonschema.readthedocs.io/en/stable/", "title": "Handling Validation Errors - jsonschema 4.4.0 documentation"},
{"cleaned_name": "validate_.html", "url": "https://python-jsonschema.readthedocs.io/en/stable/validate/", "size": "93606", "referer": "https://python-jsonschema.readthedocs.io/en/stable/", "title": "Schema Validation - jsonschema 4.4.0 documentation"},
{"cleaned_name": "_modules_jsonschema_validators_.html", "url": "https://python-jsonschema.readthedocs.io/en/stable/_modules/jsonschema/validators/", "size": "130355", "referer": "https://python-jsonschema.readthedocs.io/en/stable/creating/", "title": "jsonschema.validators - jsonschema 4.4.0 documentation"},
{"cleaned_name": "_modules_jsonschema_exceptions_.html", "url": "https://python-jsonschema.readthedocs.io/en/stable/_modules/jsonschema/exceptions/", "size": "53074", "referer": "https://python-jsonschema.readthedocs.io/en/stable/references/", "title": "jsonschema.exceptions - jsonschema 4.4.0 documentation"},
{"cleaned_name": "_modules_jsonschema__format_.html", "url": "https://python-jsonschema.readthedocs.io/en/stable/_modules/jsonschema/_format/", "size": "63339", "referer": "https://python-jsonschema.readthedocs.io/en/stable/validate/", "title": "jsonschema._format - jsonschema 4.4.0 documentation"},
{"cleaned_name": "_modules_jsonschema__types_.html", "url": "https://python-jsonschema.readthedocs.io/en/stable/_modules/jsonschema/_types/", "size": "29669", "referer": "https://python-jsonschema.readthedocs.io/en/stable/validate/", "title": "jsonschema._types - jsonschema 4.4.0 documentation"},
{"cleaned_name": "_modules_jsonschema_protocols_.html", "url": "https://python-jsonschema.readthedocs.io/en/stable/_modules/jsonschema/protocols/", "size": "25292", "referer": "https://python-jsonschema.readthedocs.io/en/stable/validate/", "title": "jsonschema.protocols - jsonschema 4.4.0 documentation"}
]