[
{"cleaned_name": "index.html", "url": "https://lxml.de/index.html", "size": "35547", "referer": null, "title": "lxml - Processing XML and HTML with Python"},
{"cleaned_name": "s5_lxml-ep2008.html", "url": "https://lxml.de/s5/lxml-ep2008.html", "size": "70782", "referer": "https://lxml.de/index.html", "title": "Implementing XML languages with lxml"},
{"cleaned_name": "api_index.html", "url": "https://lxml.de/api/index.html", "size": "577", "referer": "https://lxml.de/index.html", "title": " lxml API "},
{"cleaned_name": "sitemap.html", "url": "https://lxml.de/sitemap.html", "size": "16830", "referer": "https://lxml.de/index.html", "title": "Sitemap of lxml.de - Processing XML and HTML with Python"},
{"cleaned_name": "credits.html", "url": "https://lxml.de/credits.html", "size": "19928", "referer": "https://lxml.de/index.html", "title": "Credits"},
{"cleaned_name": "lxml-source-howto.html", "url": "https://lxml.de/lxml-source-howto.html", "size": "31636", "referer": "https://lxml.de/index.html", "title": "How to read the source of lxml"},
{"cleaned_name": "build.html", "url": "https://lxml.de/build.html", "size": "34178", "referer": "https://lxml.de/index.html", "title": "How to build lxml from source"},
{"cleaned_name": "capi.html", "url": "https://lxml.de/capi.html", "size": "23755", "referer": "https://lxml.de/index.html", "title": "The public C-API of lxml.etree"},
{"cleaned_name": "sax.html", "url": "https://lxml.de/sax.html", "size": "28673", "referer": "https://lxml.de/index.html", "title": "Sax support"},
{"cleaned_name": "element_classes.html", "url": "https://lxml.de/element_classes.html", "size": "68670", "referer": "https://lxml.de/index.html", "title": "Using custom Element classes in lxml"},
{"cleaned_name": "extensions.html", "url": "https://lxml.de/extensions.html", "size": "79060", "referer": "https://lxml.de/index.html", "title": "Python extensions for XPath and XSLT"},
{"cleaned_name": "resolvers.html", "url": "https://lxml.de/resolvers.html", "size": "41017", "referer": "https://lxml.de/index.html", "title": "Document loading and URL resolving"},
{"cleaned_name": "html5parser.html", "url": "https://lxml.de/html5parser.html", "size": "22615", "referer": "https://lxml.de/index.html", "title": "html5lib Parser"},
{"cleaned_name": "elementsoup.html", "url": "https://lxml.de/elementsoup.html", "size": "35928", "referer": "https://lxml.de/index.html", "title": "BeautifulSoup Parser"},
{"cleaned_name": "cssselect.html", "url": "https://lxml.de/cssselect.html", "size": "25373", "referer": "https://lxml.de/index.html", "title": "lxml.cssselect"},
{"cleaned_name": "lxmlhtml.html", "url": "https://lxml.de/lxmlhtml.html", "size": "75133", "referer": "https://lxml.de/index.html", "title": "lxml.html"},
{"cleaned_name": "mailman3_lists_lxml.python.org_.html", "url": "https://mail.python.org/mailman3/lists/lxml.python.org/", "size": "7026", "referer": "https://lxml.de/index.html", "title": "Mailman 3 \nInfo | lxml@python.org - python.org\n"},
{"cleaned_name": "objectify.html", "url": "https://lxml.de/objectify.html", "size": "145986", "referer": "https://lxml.de/index.html", "title": "lxml.objectify"},
{"cleaned_name": "xpathxslt.html", "url": "https://lxml.de/xpathxslt.html", "size": "83314", "referer": "https://lxml.de/index.html", "title": "XPath and XSLT with lxml"},
{"cleaned_name": "files_.html", "url": "https://lxml.de/files/", "size": "35202", "referer": "https://lxml.de/sitemap.html", "title": "Index of /files"},
{"cleaned_name": "validation.html", "url": "https://lxml.de/validation.html", "size": "69089", "referer": "https://lxml.de/index.html", "title": "Validation with lxml"},
{"cleaned_name": "parsing.html", "url": "https://lxml.de/parsing.html", "size": "113062", "referer": "https://lxml.de/index.html", "title": "Parsing XML and HTML with lxml"},
{"cleaned_name": "api.html", "url": "https://lxml.de/api.html", "size": "64317", "referer": "https://lxml.de/index.html", "title": "APIs specific to lxml.etree"},
{"cleaned_name": "apidoc_lxml.html", "url": "https://lxml.de/apidoc/lxml.html", "size": "11019", "referer": "https://lxml.de/index.html", "title": "lxml package \u2014 lxml  documentation"},
{"cleaned_name": "tutorial.html", "url": "https://lxml.de/tutorial.html", "size": "154002", "referer": "https://lxml.de/index.html", "title": "The lxml.etree Tutorial"},
{"cleaned_name": "FAQ.html", "url": "https://lxml.de/FAQ.html", "size": "96569", "referer": "https://lxml.de/index.html", "title": "lxml FAQ - Frequently Asked Questions"},
{"cleaned_name": "compatibility.html", "url": "https://lxml.de/compatibility.html", "size": "29639", "referer": "https://lxml.de/index.html", "title": "ElementTree compatibility of lxml.etree"},
{"cleaned_name": "performance.html", "url": "https://lxml.de/performance.html", "size": "64429", "referer": "https://lxml.de/index.html", "title": "Benchmarks and Speed"},
{"cleaned_name": "installation.html", "url": "https://lxml.de/installation.html", "size": "27738", "referer": "https://lxml.de/index.html", "title": "Installing lxml"},
{"cleaned_name": "intro.html", "url": "https://lxml.de/intro.html", "size": "20326", "referer": "https://lxml.de/index.html", "title": "Why lxml?"},
{"cleaned_name": "apidoc_lxml.sax.html", "url": "https://lxml.de/apidoc/lxml.sax.html", "size": "22124", "referer": "https://lxml.de/apidoc/lxml.html", "title": "lxml.sax module \u2014 lxml  documentation"},
{"cleaned_name": "apidoc_lxml.objectify.html", "url": "https://lxml.de/apidoc/lxml.objectify.html", "size": "53167", "referer": "https://lxml.de/apidoc/lxml.html", "title": "lxml.objectify module \u2014 lxml  documentation"},
{"cleaned_name": "apidoc_lxml.etree.html", "url": "https://lxml.de/apidoc/lxml.etree.html", "size": "574812", "referer": "https://lxml.de/apidoc/lxml.html", "title": "lxml.etree module \u2014 lxml  documentation"},
{"cleaned_name": "apidoc_lxml.doctestcompare.html", "url": "https://lxml.de/apidoc/lxml.doctestcompare.html", "size": "32047", "referer": "https://lxml.de/apidoc/lxml.html", "title": "lxml.doctestcompare module \u2014 lxml  documentation"},
{"cleaned_name": "apidoc_lxml.cssselect.html", "url": "https://lxml.de/apidoc/lxml.cssselect.html", "size": "7303", "referer": "https://lxml.de/apidoc/lxml.html", "title": "lxml.cssselect module \u2014 lxml  documentation"},
{"cleaned_name": "apidoc_lxml.builder.html", "url": "https://lxml.de/apidoc/lxml.builder.html", "size": "20089", "referer": "https://lxml.de/apidoc/lxml.html", "title": "lxml.builder module \u2014 lxml  documentation"},
{"cleaned_name": "apidoc_lxml._elementpath.html", "url": "https://lxml.de/apidoc/lxml._elementpath.html", "size": "13894", "referer": "https://lxml.de/apidoc/lxml.html", "title": "lxml._elementpath module \u2014 lxml  documentation"},
{"cleaned_name": "apidoc_lxml.ElementInclude.html", "url": "https://lxml.de/apidoc/lxml.ElementInclude.html", "size": "13433", "referer": "https://lxml.de/apidoc/lxml.html", "title": "lxml.ElementInclude module \u2014 lxml  documentation"},
{"cleaned_name": "apidoc_lxml.isoschematron.html", "url": "https://lxml.de/apidoc/lxml.isoschematron.html", "size": "23683", "referer": "https://lxml.de/apidoc/lxml.html", "title": "lxml.isoschematron package \u2014 lxml  documentation"},
{"cleaned_name": "apidoc_lxml.html.soupparser.html", "url": "https://lxml.de/apidoc/lxml.html.soupparser.html", "size": "7474", "referer": "https://lxml.de/apidoc/lxml.html", "title": "lxml.html.soupparser module \u2014 lxml  documentation"},
{"cleaned_name": "apidoc_lxml.html.html5parser.html", "url": "https://lxml.de/apidoc/lxml.html.html5parser.html", "size": "7473", "referer": "https://lxml.de/apidoc/lxml.html", "title": "lxml.html.html5parser module \u2014 lxml  documentation"},
{"cleaned_name": "apidoc_lxml.html.formfill.html", "url": "https://lxml.de/apidoc/lxml.html.formfill.html", "size": "21171", "referer": "https://lxml.de/apidoc/lxml.html", "title": "lxml.html.formfill module \u2014 lxml  documentation"},
{"cleaned_name": "apidoc_lxml.html.diff.html", "url": "https://lxml.de/apidoc/lxml.html.diff.html", "size": "44526", "referer": "https://lxml.de/apidoc/lxml.html", "title": "lxml.html.diff module \u2014 lxml  documentation"},
{"cleaned_name": "apidoc_lxml.html.defs.html", "url": "https://lxml.de/apidoc/lxml.html.defs.html", "size": "7795", "referer": "https://lxml.de/apidoc/lxml.html", "title": "lxml.html.defs module \u2014 lxml  documentation"},
{"cleaned_name": "apidoc_lxml.html.clean.html", "url": "https://lxml.de/apidoc/lxml.html.clean.html", "size": "41265", "referer": "https://lxml.de/apidoc/lxml.html", "title": "lxml.html.clean module \u2014 lxml  documentation"},
{"cleaned_name": "apidoc_lxml.html.builder.html", "url": "https://lxml.de/apidoc/lxml.html.builder.html", "size": "47290", "referer": "https://lxml.de/apidoc/lxml.html", "title": "lxml.html.builder module \u2014 lxml  documentation"},
{"cleaned_name": "apidoc_lxml.html._setmixin.html", "url": "https://lxml.de/apidoc/lxml.html._setmixin.html", "size": "14720", "referer": "https://lxml.de/apidoc/lxml.html", "title": "lxml.html._setmixin module \u2014 lxml  documentation"},
{"cleaned_name": "apidoc_lxml.html._diffcommand.html", "url": "https://lxml.de/apidoc/lxml.html._diffcommand.html", "size": "9891", "referer": "https://lxml.de/apidoc/lxml.html", "title": "lxml.html._diffcommand module \u2014 lxml  documentation"},
{"cleaned_name": "apidoc_lxml.html.ElementSoup.html", "url": "https://lxml.de/apidoc/lxml.html.ElementSoup.html", "size": "7447", "referer": "https://lxml.de/apidoc/lxml.html", "title": "lxml.html.ElementSoup module \u2014 lxml  documentation"},
{"cleaned_name": "apidoc_lxml.html.html", "url": "https://lxml.de/apidoc/lxml.html.html", "size": "100514", "referer": "https://lxml.de/apidoc/lxml.html", "title": "lxml.html package \u2014 lxml  documentation"},
{"cleaned_name": "apidoc_index.html", "url": "https://lxml.de/apidoc/index.html", "size": "9342", "referer": "https://lxml.de/apidoc/lxml.html", "title": "lxml API Reference \u2014 lxml  documentation"},
{"cleaned_name": "apidoc_search.html", "url": "https://lxml.de/apidoc/search.html", "size": "6673", "referer": "https://lxml.de/apidoc/index.html", "title": "Search \u2014 lxml  documentation"},
{"cleaned_name": "apidoc_py-modindex.html", "url": "https://lxml.de/apidoc/py-modindex.html", "size": "10199", "referer": "https://lxml.de/apidoc/index.html", "title": "Python Module Index \u2014 lxml  documentation"},
{"cleaned_name": "apidoc_genindex.html", "url": "https://lxml.de/apidoc/genindex.html", "size": "241116", "referer": "https://lxml.de/apidoc/index.html", "title": "Index \u2014 lxml  documentation"}
]