[
{"cleaned_name": "index.html", "url": "https://natsort.readthedocs.io/en/master/", "size": "22094", "referer": null, "title": "natsort: Simple yet flexible natural sorting in Python. \u2014 natsort 8.1.0 documentation"},
{"cleaned_name": "search.html", "url": "https://natsort.readthedocs.io/en/master/search.html", "size": "9550", "referer": "https://natsort.readthedocs.io/en/master/", "title": "Search \u2014 natsort 8.1.0 documentation"},
{"cleaned_name": "genindex.html", "url": "https://natsort.readthedocs.io/en/master/genindex.html", "size": "12707", "referer": "https://natsort.readthedocs.io/en/master/", "title": "Index \u2014 natsort 8.1.0 documentation"},
{"cleaned_name": "changelog.html", "url": "https://natsort.readthedocs.io/en/master/changelog.html", "size": "80090", "referer": "https://natsort.readthedocs.io/en/master/", "title": "6. Changelog \u2014 natsort 8.1.0 documentation"},
{"cleaned_name": "shell.html", "url": "https://natsort.readthedocs.io/en/master/shell.html", "size": "16306", "referer": "https://natsort.readthedocs.io/en/master/", "title": "5. Shell Script \u2014 natsort 8.1.0 documentation"},
{"cleaned_name": "locale_issues.html", "url": "https://natsort.readthedocs.io/en/master/locale_issues.html", "size": "21817", "referer": "https://natsort.readthedocs.io/en/master/", "title": "4. Possible Issues with humansorted() or ns.LOCALE \u2014 natsort 8.1.0 documentation"},
{"cleaned_name": "api.html", "url": "https://natsort.readthedocs.io/en/master/api.html", "size": "93998", "referer": "https://natsort.readthedocs.io/en/master/", "title": "3. natsort API \u2014 natsort 8.1.0 documentation"},
{"cleaned_name": "examples.html", "url": "https://natsort.readthedocs.io/en/master/examples.html", "size": "66874", "referer": "https://natsort.readthedocs.io/en/master/", "title": "2. Examples and Recipes \u2014 natsort 8.1.0 documentation"},
{"cleaned_name": "howitworks.html", "url": "https://natsort.readthedocs.io/en/master/howitworks.html", "size": "144561", "referer": "https://natsort.readthedocs.io/en/master/", "title": "1. How Does Natsort Work? \u2014 natsort 8.1.0 documentation"}
]