[
{"cleaned_name": "index.html", "url": "https://passlib.readthedocs.io/en/stable/index.html", "size": "15146", "referer": null, "title": "Passlib 1.7.4 documentation \u2014 Passlib v1.7.4 Documentation"},
{"cleaned_name": "copyright.html", "url": "https://passlib.readthedocs.io/en/stable/copyright.html", "size": "28301", "referer": "https://passlib.readthedocs.io/en/stable/index.html", "title": "Copyrights & Licenses \u2014 Passlib v1.7.4 Documentation"},
{"cleaned_name": "history_index.html", "url": "https://passlib.readthedocs.io/en/stable/history/index.html", "size": "12913", "referer": "https://passlib.readthedocs.io/en/stable/index.html", "title": "Release History \u2014 Passlib v1.7.4 Documentation"},
{"cleaned_name": "faq.html", "url": "https://passlib.readthedocs.io/en/stable/faq.html", "size": "13774", "referer": "https://passlib.readthedocs.io/en/stable/index.html", "title": "Frequently Asked Questions \u2014 Passlib v1.7.4 Documentation"},
{"cleaned_name": "other.html", "url": "https://passlib.readthedocs.io/en/stable/other.html", "size": "8753", "referer": "https://passlib.readthedocs.io/en/stable/index.html", "title": "Other Documentation \u2014 Passlib v1.7.4 Documentation"},
{"cleaned_name": "lib_index.html", "url": "https://passlib.readthedocs.io/en/stable/lib/index.html", "size": "15934", "referer": "https://passlib.readthedocs.io/en/stable/index.html", "title": "API Reference \u2014 Passlib v1.7.4 Documentation"},
{"cleaned_name": "install.html", "url": "https://passlib.readthedocs.io/en/stable/install.html", "size": "20516", "referer": "https://passlib.readthedocs.io/en/stable/index.html", "title": "Installation \u2014 Passlib v1.7.4 Documentation"},
{"cleaned_name": "lib_passlib.hash.pbkdf2_digest.html", "url": "https://passlib.readthedocs.io/en/stable/lib/passlib.hash.pbkdf2_digest.html", "size": "28846", "referer": "https://passlib.readthedocs.io/en/stable/index.html", "title": "passlib.hash.pbkdf2_digest - Generic PBKDF2 Hashes \u2014 Passlib v1.7.4 Documentation"},
{"cleaned_name": "history_1.7.html", "url": "https://passlib.readthedocs.io/en/stable/history/1.7.html", "size": "66887", "referer": "https://passlib.readthedocs.io/en/stable/index.html", "title": "Passlib 1.7 \u2014 Passlib v1.7.4 Documentation"},
{"cleaned_name": "index.html", "url": "https://passlib.readthedocs.io/en/stable/index.html", "size": "15146", "referer": "https://passlib.readthedocs.io/en/stable/index.html", "title": "Passlib 1.7.4 documentation \u2014 Passlib v1.7.4 Documentation"},
{"cleaned_name": "narr_index.html", "url": "https://passlib.readthedocs.io/en/stable/narr/index.html", "size": "13954", "referer": "https://passlib.readthedocs.io/en/stable/index.html", "title": "Walkthrough & Tutorials \u2014 Passlib v1.7.4 Documentation"},
{"cleaned_name": "contents.html", "url": "https://passlib.readthedocs.io/en/stable/contents.html", "size": "43249", "referer": "https://passlib.readthedocs.io/en/stable/index.html", "title": "Table Of Contents \u2014 Passlib v1.7.4 Documentation"},
{"cleaned_name": "py-modindex.html", "url": "https://passlib.readthedocs.io/en/stable/py-modindex.html", "size": "14057", "referer": "https://passlib.readthedocs.io/en/stable/index.html", "title": "Python Module Index \u2014 Passlib v1.7.4 Documentation"},
{"cleaned_name": "genindex.html", "url": "https://passlib.readthedocs.io/en/stable/genindex.html", "size": "100537", "referer": "https://passlib.readthedocs.io/en/stable/index.html", "title": "Index \u2014 Passlib v1.7.4 Documentation"},
{"cleaned_name": "modular_crypt_format.html", "url": "https://passlib.readthedocs.io/en/stable/modular_crypt_format.html", "size": "34704", "referer": "https://passlib.readthedocs.io/en/stable/copyright.html", "title": "Modular Crypt Format \u2014 Passlib v1.7.4 Documentation"},
{"cleaned_name": "lib_passlib.totp.html", "url": "https://passlib.readthedocs.io/en/stable/lib/passlib.totp.html", "size": "93051", "referer": "https://passlib.readthedocs.io/en/stable/copyright.html", "title": "passlib.totp \u2013 TOTP / Two Factor Authentication \u2014 Passlib v1.7.4 Documentation"},
{"cleaned_name": "history_ancient.html", "url": "https://passlib.readthedocs.io/en/stable/history/ancient.html", "size": "16762", "referer": "https://passlib.readthedocs.io/en/stable/copyright.html", "title": "Passlib 1.4 & Earlier \u2014 Passlib v1.7.4 Documentation"},
{"cleaned_name": "history_1.5.html", "url": "https://passlib.readthedocs.io/en/stable/history/1.5.html", "size": "23007", "referer": "https://passlib.readthedocs.io/en/stable/history/index.html", "title": "Passlib 1.5 \u2014 Passlib v1.7.4 Documentation"},
{"cleaned_name": "history_1.6.html", "url": "https://passlib.readthedocs.io/en/stable/history/1.6.html", "size": "47826", "referer": "https://passlib.readthedocs.io/en/stable/history/index.html", "title": "Passlib 1.6 \u2014 Passlib v1.7.4 Documentation"},
{"cleaned_name": "lib_passlib.hash.sha256_crypt.html", "url": "https://passlib.readthedocs.io/en/stable/lib/passlib.hash.sha256_crypt.html", "size": "28527", "referer": "https://passlib.readthedocs.io/en/stable/faq.html", "title": "passlib.hash.sha256_crypt - SHA-256 Crypt \u2014 Passlib v1.7.4 Documentation"},
{"cleaned_name": "lib_passlib.hash.md5_crypt.html", "url": "https://passlib.readthedocs.io/en/stable/lib/passlib.hash.md5_crypt.html", "size": "32611", "referer": "https://passlib.readthedocs.io/en/stable/faq.html", "title": "passlib.hash.md5_crypt - MD5 Crypt \u2014 Passlib v1.7.4 Documentation"},
{"cleaned_name": "lib_passlib.utils.pbkdf2.html", "url": "https://passlib.readthedocs.io/en/stable/lib/passlib.utils.pbkdf2.html", "size": "26665", "referer": "https://passlib.readthedocs.io/en/stable/other.html", "title": "passlib.utils.pbkdf2 - PBKDF2 key derivation algorithm [deprecated] \u2014 Passlib v1.7.4 Documentation"},
{"cleaned_name": "lib_passlib.pwd.html", "url": "https://passlib.readthedocs.io/en/stable/lib/passlib.pwd.html", "size": "27224", "referer": "https://passlib.readthedocs.io/en/stable/lib/index.html", "title": "passlib.pwd \u2013 Password generation helpers \u2014 Passlib v1.7.4 Documentation"},
{"cleaned_name": "narr_context-tutorial.html", "url": "https://passlib.readthedocs.io/en/stable/narr/context-tutorial.html", "size": "62155", "referer": "https://passlib.readthedocs.io/en/stable/install.html", "title": "CryptContext Tutorial \u2014 Passlib v1.7.4 Documentation"},
{"cleaned_name": "lib_passlib.hash.bcrypt_sha256.html", "url": "https://passlib.readthedocs.io/en/stable/lib/passlib.hash.bcrypt_sha256.html", "size": "25113", "referer": "https://passlib.readthedocs.io/en/stable/lib/passlib.hash.pbkdf2_digest.html", "title": "passlib.hash.bcrypt_sha256 - BCrypt+SHA256 \u2014 Passlib v1.7.4 Documentation"},
{"cleaned_name": "lib_passlib.utils.handlers.html", "url": "https://passlib.readthedocs.io/en/stable/lib/passlib.utils.handlers.html", "size": "82064", "referer": "https://passlib.readthedocs.io/en/stable/history/1.7.html", "title": "passlib.utils.handlers - Framework for writing password hashes \u2014 Passlib v1.7.4 Documentation"},
{"cleaned_name": "lib_passlib.hash.django_std.html", "url": "https://passlib.readthedocs.io/en/stable/lib/passlib.hash.django_std.html", "size": "54784", "referer": "https://passlib.readthedocs.io/en/stable/history/1.7.html", "title": "passlib.hash.django_digest - Django-specific Hashes \u2014 Passlib v1.7.4 Documentation"},
{"cleaned_name": "lib_passlib.hash.des_crypt.html", "url": "https://passlib.readthedocs.io/en/stable/lib/passlib.hash.des_crypt.html", "size": "27730", "referer": "https://passlib.readthedocs.io/en/stable/history/1.7.html", "title": "passlib.hash.des_crypt - DES Crypt \u2014 Passlib v1.7.4 Documentation"},
{"cleaned_name": "lib_passlib.utils.des.html", "url": "https://passlib.readthedocs.io/en/stable/lib/passlib.utils.des.html", "size": "21368", "referer": "https://passlib.readthedocs.io/en/stable/contents.html", "title": "passlib.utils.des - DES routines [deprecated] \u2014 Passlib v1.7.4 Documentation"},
{"cleaned_name": "lib_passlib.hash.plaintext.html", "url": "https://passlib.readthedocs.io/en/stable/lib/passlib.hash.plaintext.html", "size": "18405", "referer": "https://passlib.readthedocs.io/en/stable/contents.html", "title": "passlib.hash.plaintext - Plaintext \u2014 Passlib v1.7.4 Documentation"},
{"cleaned_name": "lib_passlib.hash.unix_disabled.html", "url": "https://passlib.readthedocs.io/en/stable/lib/passlib.hash.unix_disabled.html", "size": "22419", "referer": "https://passlib.readthedocs.io/en/stable/genindex.html", "title": "passlib.hash.unix_disabled - Unix Disabled Account Helper \u2014 Passlib v1.7.4 Documentation"},
{"cleaned_name": "lib_passlib.hash.sun_md5_crypt.html", "url": "https://passlib.readthedocs.io/en/stable/lib/passlib.hash.sun_md5_crypt.html", "size": "36974", "referer": "https://passlib.readthedocs.io/en/stable/genindex.html", "title": "passlib.hash.sun_md5_crypt - Sun MD5 Crypt \u2014 Passlib v1.7.4 Documentation"},
{"cleaned_name": "lib_passlib.hash.sha512_crypt.html", "url": "https://passlib.readthedocs.io/en/stable/lib/passlib.hash.sha512_crypt.html", "size": "20297", "referer": "https://passlib.readthedocs.io/en/stable/genindex.html", "title": "passlib.hash.sha512_crypt - SHA-512 Crypt \u2014 Passlib v1.7.4 Documentation"},
{"cleaned_name": "lib_passlib.hash.sha1_crypt.html", "url": "https://passlib.readthedocs.io/en/stable/lib/passlib.hash.sha1_crypt.html", "size": "25462", "referer": "https://passlib.readthedocs.io/en/stable/genindex.html", "title": "passlib.hash.sha1_crypt - SHA-1 Crypt \u2014 Passlib v1.7.4 Documentation"},
{"cleaned_name": "lib_passlib.hash.ldap_other.html", "url": "https://passlib.readthedocs.io/en/stable/lib/passlib.hash.ldap_other.html", "size": "18430", "referer": "https://passlib.readthedocs.io/en/stable/genindex.html", "title": "passlib.hash.ldap_other - Non-Standard RFC2307 Hashes \u2014 Passlib v1.7.4 Documentation"},
{"cleaned_name": "lib_passlib.hash.ldap_crypt.html", "url": "https://passlib.readthedocs.io/en/stable/lib/passlib.hash.ldap_crypt.html", "size": "21287", "referer": "https://passlib.readthedocs.io/en/stable/genindex.html", "title": "passlib.hash.ldap_crypt - LDAP crypt() Wrappers \u2014 Passlib v1.7.4 Documentation"},
{"cleaned_name": "lib_passlib.hash.fshp.html", "url": "https://passlib.readthedocs.io/en/stable/lib/passlib.hash.fshp.html", "size": "27453", "referer": "https://passlib.readthedocs.io/en/stable/genindex.html", "title": "passlib.hash.fshp - Fairly Secure Hashed Password \u2014 Passlib v1.7.4 Documentation"},
{"cleaned_name": "lib_passlib.hash.dlitz_pbkdf2_sha1.html", "url": "https://passlib.readthedocs.io/en/stable/lib/passlib.hash.dlitz_pbkdf2_sha1.html", "size": "23817", "referer": "https://passlib.readthedocs.io/en/stable/genindex.html", "title": "passlib.hash.dlitz_pbkdf2_sha1 - Dwayne Litzenberger\u2019s PBKDF2 hash \u2014 Passlib v1.7.4 Documentation"},
{"cleaned_name": "lib_passlib.hash.cta_pbkdf2_sha1.html", "url": "https://passlib.readthedocs.io/en/stable/lib/passlib.hash.cta_pbkdf2_sha1.html", "size": "21822", "referer": "https://passlib.readthedocs.io/en/stable/genindex.html", "title": "passlib.hash.cta_pbkdf2_sha1 - Cryptacular\u2019s PBKDF2 hash \u2014 Passlib v1.7.4 Documentation"},
{"cleaned_name": "lib_passlib.hash.crypt16.html", "url": "https://passlib.readthedocs.io/en/stable/lib/passlib.hash.crypt16.html", "size": "26229", "referer": "https://passlib.readthedocs.io/en/stable/genindex.html", "title": "passlib.hash.crypt16 - Crypt16 \u2014 Passlib v1.7.4 Documentation"},
{"cleaned_name": "lib_passlib.hash.bsdi_crypt.html", "url": "https://passlib.readthedocs.io/en/stable/lib/passlib.hash.bsdi_crypt.html", "size": "30460", "referer": "https://passlib.readthedocs.io/en/stable/genindex.html", "title": "passlib.hash.bsdi_crypt - BSDi Crypt \u2014 Passlib v1.7.4 Documentation"},
{"cleaned_name": "lib_passlib.hash.bigcrypt.html", "url": "https://passlib.readthedocs.io/en/stable/lib/passlib.hash.bigcrypt.html", "size": "27667", "referer": "https://passlib.readthedocs.io/en/stable/genindex.html", "title": "passlib.hash.bigcrypt - BigCrypt \u2014 Passlib v1.7.4 Documentation"},
{"cleaned_name": "lib_passlib.hash.atlassian_pbkdf2_sha1.html", "url": "https://passlib.readthedocs.io/en/stable/lib/passlib.hash.atlassian_pbkdf2_sha1.html", "size": "19762", "referer": "https://passlib.readthedocs.io/en/stable/genindex.html", "title": "passlib.hash.atlassian_pbkdf2_sha1 - Atlassian\u2019s PBKDF2-based Hash \u2014 Passlib v1.7.4 Documentation"},
{"cleaned_name": "lib_passlib.hash.apr_md5_crypt.html", "url": "https://passlib.readthedocs.io/en/stable/lib/passlib.hash.apr_md5_crypt.html", "size": "20086", "referer": "https://passlib.readthedocs.io/en/stable/genindex.html", "title": "passlib.hash.apr_md5_crypt - Apache\u2019s MD5-Crypt variant \u2014 Passlib v1.7.4 Documentation"},
{"cleaned_name": "lib_passlib.hash.grub_pbkdf2_sha512.html", "url": "https://passlib.readthedocs.io/en/stable/lib/passlib.hash.grub_pbkdf2_sha512.html", "size": "21904", "referer": "https://passlib.readthedocs.io/en/stable/contents.html", "title": "passlib.hash.grub_pbkdf2_sha512 - Grub\u2019s PBKDF2 Hash \u2014 Passlib v1.7.4 Documentation"},
{"cleaned_name": "lib_passlib.hash.msdcc2.html", "url": "https://passlib.readthedocs.io/en/stable/lib/passlib.hash.msdcc2.html", "size": "24641", "referer": "https://passlib.readthedocs.io/en/stable/contents.html", "title": "passlib.hash.msdcc2 - Windows\u2019 Domain Cached Credentials v2 \u2014 Passlib v1.7.4 Documentation"},
{"cleaned_name": "lib_passlib.hash.msdcc.html", "url": "https://passlib.readthedocs.io/en/stable/lib/passlib.hash.msdcc.html", "size": "23426", "referer": "https://passlib.readthedocs.io/en/stable/contents.html", "title": "passlib.hash.msdcc - Windows\u2019 Domain Cached Credentials \u2014 Passlib v1.7.4 Documentation"},
{"cleaned_name": "lib_passlib.hash.nthash.html", "url": "https://passlib.readthedocs.io/en/stable/lib/passlib.hash.nthash.html", "size": "21400", "referer": "https://passlib.readthedocs.io/en/stable/contents.html", "title": "passlib.hash.nthash - Windows\u2019 NT-HASH \u2014 Passlib v1.7.4 Documentation"},
{"cleaned_name": "lib_passlib.hash.lmhash.html", "url": "https://passlib.readthedocs.io/en/stable/lib/passlib.hash.lmhash.html", "size": "28904", "referer": "https://passlib.readthedocs.io/en/stable/contents.html", "title": "passlib.hash.lmhash - LanManager Hash \u2014 Passlib v1.7.4 Documentation"},
{"cleaned_name": "lib_passlib.hash.oracle11.html", "url": "https://passlib.readthedocs.io/en/stable/lib/passlib.hash.oracle11.html", "size": "22922", "referer": "https://passlib.readthedocs.io/en/stable/contents.html", "title": "passlib.hash.oracle11 - Oracle 11g password hash \u2014 Passlib v1.7.4 Documentation"},
{"cleaned_name": "lib_passlib.hash.oracle10.html", "url": "https://passlib.readthedocs.io/en/stable/lib/passlib.hash.oracle10.html", "size": "25841", "referer": "https://passlib.readthedocs.io/en/stable/contents.html", "title": "passlib.hash.oracle10 - Oracle 10g password hash \u2014 Passlib v1.7.4 Documentation"},
{"cleaned_name": "lib_passlib.hash.postgres_md5.html", "url": "https://passlib.readthedocs.io/en/stable/lib/passlib.hash.postgres_md5.html", "size": "23406", "referer": "https://passlib.readthedocs.io/en/stable/contents.html", "title": "passlib.hash.postgres_md5 - PostgreSQL MD5 password hash \u2014 Passlib v1.7.4 Documentation"},
{"cleaned_name": "lib_passlib.hash.mysql41.html", "url": "https://passlib.readthedocs.io/en/stable/lib/passlib.hash.mysql41.html", "size": "19144", "referer": "https://passlib.readthedocs.io/en/stable/contents.html", "title": "passlib.hash.mysql41 - MySQL 4.1 password hash \u2014 Passlib v1.7.4 Documentation"},
{"cleaned_name": "lib_passlib.hash.mysql323.html", "url": "https://passlib.readthedocs.io/en/stable/lib/passlib.hash.mysql323.html", "size": "21147", "referer": "https://passlib.readthedocs.io/en/stable/contents.html", "title": "passlib.hash.mysql323 - MySQL 3.2.3 password hash \u2014 Passlib v1.7.4 Documentation"},
{"cleaned_name": "lib_passlib.hash.mssql2005.html", "url": "https://passlib.readthedocs.io/en/stable/lib/passlib.hash.mssql2005.html", "size": "23553", "referer": "https://passlib.readthedocs.io/en/stable/contents.html", "title": "passlib.hash.mssql2005 - MS SQL 2005 password hash \u2014 Passlib v1.7.4 Documentation"},
{"cleaned_name": "lib_passlib.hash.mssql2000.html", "url": "https://passlib.readthedocs.io/en/stable/lib/passlib.hash.mssql2000.html", "size": "24138", "referer": "https://passlib.readthedocs.io/en/stable/contents.html", "title": "passlib.hash.mssql2000 - MS SQL 2000 password hash \u2014 Passlib v1.7.4 Documentation"},
{"cleaned_name": "lib_passlib.crypto.des.html", "url": "https://passlib.readthedocs.io/en/stable/lib/passlib.crypto.des.html", "size": "19435", "referer": "https://passlib.readthedocs.io/en/stable/contents.html", "title": "passlib.crypto.des - DES routines \u2014 Passlib v1.7.4 Documentation"},
{"cleaned_name": "lib_passlib.hash.cisco_asa.html", "url": "https://passlib.readthedocs.io/en/stable/lib/passlib.hash.cisco_asa.html", "size": "15773", "referer": "https://passlib.readthedocs.io/en/stable/history/1.7.html", "title": "passlib.hash.cisco_asa - Cisco ASA MD5 hash \u2014 Passlib v1.7.4 Documentation"},
{"cleaned_name": "lib_passlib.hash.cisco_pix.html", "url": "https://passlib.readthedocs.io/en/stable/lib/passlib.hash.cisco_pix.html", "size": "35399", "referer": "https://passlib.readthedocs.io/en/stable/history/1.7.html", "title": "passlib.hash.cisco_pix - Cisco PIX MD5 hash \u2014 Passlib v1.7.4 Documentation"},
{"cleaned_name": "lib_passlib.hash.hex_digests.html", "url": "https://passlib.readthedocs.io/en/stable/lib/passlib.hash.hex_digests.html", "size": "19114", "referer": "https://passlib.readthedocs.io/en/stable/history/1.7.html", "title": "passlib.hash.hex_digest - Generic Hexadecimal Digests \u2014 Passlib v1.7.4 Documentation"},
{"cleaned_name": "lib_passlib.hash.bcrypt.html", "url": "https://passlib.readthedocs.io/en/stable/lib/passlib.hash.bcrypt.html", "size": "40212", "referer": "https://passlib.readthedocs.io/en/stable/history/1.7.html", "title": "passlib.hash.bcrypt - BCrypt \u2014 Passlib v1.7.4 Documentation"},
{"cleaned_name": "lib_passlib.hash.ldap_std.html", "url": "https://passlib.readthedocs.io/en/stable/lib/passlib.hash.ldap_std.html", "size": "41449", "referer": "https://passlib.readthedocs.io/en/stable/history/1.7.html", "title": "passlib.hash.ldap_digest - RFC2307 Standard Digests \u2014 Passlib v1.7.4 Documentation"},
{"cleaned_name": "lib_passlib.utils.binary.html", "url": "https://passlib.readthedocs.io/en/stable/lib/passlib.utils.binary.html", "size": "34024", "referer": "https://passlib.readthedocs.io/en/stable/lib/passlib.hash.pbkdf2_digest.html", "title": "passlib.utils.binary - Binary Helper Functions \u2014 Passlib v1.7.4 Documentation"},
{"cleaned_name": "lib_passlib.hash.ldap_pbkdf2_digest.html", "url": "https://passlib.readthedocs.io/en/stable/lib/passlib.hash.ldap_pbkdf2_digest.html", "size": "18263", "referer": "https://passlib.readthedocs.io/en/stable/lib/passlib.hash.pbkdf2_digest.html", "title": "passlib.hash.ldap_pbkdf2_digest - Generic PBKDF2 Hashes \u2014 Passlib v1.7.4 Documentation"},
{"cleaned_name": "lib_passlib.hash.phpass.html", "url": "https://passlib.readthedocs.io/en/stable/lib/passlib.hash.phpass.html", "size": "23617", "referer": "https://passlib.readthedocs.io/en/stable/lib/passlib.hash.pbkdf2_digest.html", "title": "passlib.hash.phpass - PHPass\u2019 Portable Hash \u2014 Passlib v1.7.4 Documentation"},
{"cleaned_name": "lib_passlib.hash.scram.html", "url": "https://passlib.readthedocs.io/en/stable/lib/passlib.hash.scram.html", "size": "42030", "referer": "https://passlib.readthedocs.io/en/stable/lib/passlib.hash.pbkdf2_digest.html", "title": "passlib.hash.scram - SCRAM Hash \u2014 Passlib v1.7.4 Documentation"},
{"cleaned_name": "narr_hash-tutorial.html", "url": "https://passlib.readthedocs.io/en/stable/narr/hash-tutorial.html", "size": "41431", "referer": "https://passlib.readthedocs.io/en/stable/install.html", "title": "PasswordHash Tutorial \u2014 Passlib v1.7.4 Documentation"},
{"cleaned_name": "narr_quickstart.html", "url": "https://passlib.readthedocs.io/en/stable/narr/quickstart.html", "size": "32522", "referer": "https://passlib.readthedocs.io/en/stable/install.html", "title": "New Application Quickstart Guide \u2014 Passlib v1.7.4 Documentation"},
{"cleaned_name": "lib_passlib.hash.scrypt.html", "url": "https://passlib.readthedocs.io/en/stable/lib/passlib.hash.scrypt.html", "size": "32146", "referer": "https://passlib.readthedocs.io/en/stable/install.html", "title": "passlib.hash.scrypt - SCrypt \u2014 Passlib v1.7.4 Documentation"},
{"cleaned_name": "lib_passlib.crypto.digest.html", "url": "https://passlib.readthedocs.io/en/stable/lib/passlib.crypto.digest.html", "size": "29251", "referer": "https://passlib.readthedocs.io/en/stable/install.html", "title": "passlib.crypto.digest - Hash & Related Helpers \u2014 Passlib v1.7.4 Documentation"},
{"cleaned_name": "lib_passlib.hash.argon2.html", "url": "https://passlib.readthedocs.io/en/stable/lib/passlib.hash.argon2.html", "size": "32206", "referer": "https://passlib.readthedocs.io/en/stable/install.html", "title": "passlib.hash.argon2 - Argon2 \u2014 Passlib v1.7.4 Documentation"},
{"cleaned_name": "narr_overview.html", "url": "https://passlib.readthedocs.io/en/stable/narr/overview.html", "size": "17832", "referer": "https://passlib.readthedocs.io/en/stable/install.html", "title": "Library Overview \u2014 Passlib v1.7.4 Documentation"},
{"cleaned_name": "lib_passlib.hosts.html", "url": "https://passlib.readthedocs.io/en/stable/lib/passlib.hosts.html", "size": "24848", "referer": "https://passlib.readthedocs.io/en/stable/lib/index.html", "title": "passlib.hosts - OS Password Handling \u2014 Passlib v1.7.4 Documentation"},
{"cleaned_name": "lib_passlib.ext.django.html", "url": "https://passlib.readthedocs.io/en/stable/lib/passlib.ext.django.html", "size": "25700", "referer": "https://passlib.readthedocs.io/en/stable/lib/index.html", "title": "passlib.ext.django - Django Password Hashing Plugin \u2014 Passlib v1.7.4 Documentation"},
{"cleaned_name": "lib_passlib.apps.html", "url": "https://passlib.readthedocs.io/en/stable/lib/passlib.apps.html", "size": "35529", "referer": "https://passlib.readthedocs.io/en/stable/lib/index.html", "title": "passlib.apps - Helpers for various applications \u2014 Passlib v1.7.4 Documentation"},
{"cleaned_name": "lib_passlib.utils.html", "url": "https://passlib.readthedocs.io/en/stable/lib/passlib.utils.html", "size": "39931", "referer": "https://passlib.readthedocs.io/en/stable/lib/index.html", "title": "passlib.utils - Helper Functions \u2014 Passlib v1.7.4 Documentation"},
{"cleaned_name": "lib_passlib.registry.html", "url": "https://passlib.readthedocs.io/en/stable/lib/passlib.registry.html", "size": "25917", "referer": "https://passlib.readthedocs.io/en/stable/lib/index.html", "title": "passlib.registry - Password Handler Registry \u2014 Passlib v1.7.4 Documentation"},
{"cleaned_name": "lib_passlib.crypto.html", "url": "https://passlib.readthedocs.io/en/stable/lib/passlib.crypto.html", "size": "12318", "referer": "https://passlib.readthedocs.io/en/stable/lib/index.html", "title": "passlib.crypto - Cryptographic Helper Functions \u2014 Passlib v1.7.4 Documentation"},
{"cleaned_name": "lib_passlib.exc.html", "url": "https://passlib.readthedocs.io/en/stable/lib/passlib.exc.html", "size": "29798", "referer": "https://passlib.readthedocs.io/en/stable/lib/index.html", "title": "passlib.exc - Exceptions and warnings \u2014 Passlib v1.7.4 Documentation"},
{"cleaned_name": "lib_passlib.context.html", "url": "https://passlib.readthedocs.io/en/stable/lib/passlib.context.html", "size": "150697", "referer": "https://passlib.readthedocs.io/en/stable/lib/index.html", "title": "passlib.context - CryptContext Hash Manager \u2014 Passlib v1.7.4 Documentation"},
{"cleaned_name": "narr_totp-tutorial.html", "url": "https://passlib.readthedocs.io/en/stable/narr/totp-tutorial.html", "size": "93068", "referer": "https://passlib.readthedocs.io/en/stable/lib/index.html", "title": "TOTP Tutorial \u2014 Passlib v1.7.4 Documentation"},
{"cleaned_name": "lib_passlib.apache.html", "url": "https://passlib.readthedocs.io/en/stable/lib/passlib.apache.html", "size": "65265", "referer": "https://passlib.readthedocs.io/en/stable/lib/index.html", "title": "passlib.apache - Apache Password Files \u2014 Passlib v1.7.4 Documentation"},
{"cleaned_name": "lib_passlib.hash.cisco_type7.html", "url": "https://passlib.readthedocs.io/en/stable/lib/passlib.hash.cisco_type7.html", "size": "26189", "referer": "https://passlib.readthedocs.io/en/stable/faq.html", "title": "passlib.hash.cisco_type7 - Cisco \u201cType 7\u201d hash \u2014 Passlib v1.7.4 Documentation"},
{"cleaned_name": "lib_passlib.hash.html", "url": "https://passlib.readthedocs.io/en/stable/lib/passlib.hash.html", "size": "47639", "referer": "https://passlib.readthedocs.io/en/stable/faq.html", "title": "passlib.hash - Password Hashing Schemes \u2014 Passlib v1.7.4 Documentation"},
{"cleaned_name": "lib_passlib.ifc.html", "url": "https://passlib.readthedocs.io/en/stable/lib/passlib.ifc.html", "size": "74077", "referer": "https://passlib.readthedocs.io/en/stable/faq.html", "title": "passlib.ifc \u2013 Password Hash Interface \u2014 Passlib v1.7.4 Documentation"}
]