[
{"cleaned_name": "index.html", "url": "https://pydash.readthedocs.io/en/latest/", "size": "27644", "referer": null, "title": "pydash \u2014 pydash 5.1.0 documentation"},
{"cleaned_name": "search.html", "url": "https://pydash.readthedocs.io/en/latest/search.html", "size": "10754", "referer": "https://pydash.readthedocs.io/en/latest/", "title": "Search \u2014 pydash 5.1.0 documentation"},
{"cleaned_name": "py-modindex.html", "url": "https://pydash.readthedocs.io/en/latest/py-modindex.html", "size": "12494", "referer": "https://pydash.readthedocs.io/en/latest/", "title": "Python Module Index \u2014 pydash 5.1.0 documentation"},
{"cleaned_name": "genindex.html", "url": "https://pydash.readthedocs.io/en/latest/genindex.html", "size": "53754", "referer": "https://pydash.readthedocs.io/en/latest/", "title": "Index \u2014 pydash 5.1.0 documentation"},
{"cleaned_name": "kudos.html", "url": "https://pydash.readthedocs.io/en/latest/kudos.html", "size": "10931", "referer": "https://pydash.readthedocs.io/en/latest/", "title": "Kudos \u2014 pydash 5.1.0 documentation"},
{"cleaned_name": "contributing.html", "url": "https://pydash.readthedocs.io/en/latest/contributing.html", "size": "17003", "referer": "https://pydash.readthedocs.io/en/latest/", "title": "Contributing \u2014 pydash 5.1.0 documentation"},
{"cleaned_name": "authors.html", "url": "https://pydash.readthedocs.io/en/latest/authors.html", "size": "14206", "referer": "https://pydash.readthedocs.io/en/latest/", "title": "Authors \u2014 pydash 5.1.0 documentation"},
{"cleaned_name": "changelog.html", "url": "https://pydash.readthedocs.io/en/latest/changelog.html", "size": "157788", "referer": "https://pydash.readthedocs.io/en/latest/", "title": "Changelog \u2014 pydash 5.1.0 documentation"},
{"cleaned_name": "versioning.html", "url": "https://pydash.readthedocs.io/en/latest/versioning.html", "size": "11728", "referer": "https://pydash.readthedocs.io/en/latest/", "title": "Versioning \u2014 pydash 5.1.0 documentation"},
{"cleaned_name": "license.html", "url": "https://pydash.readthedocs.io/en/latest/license.html", "size": "12150", "referer": "https://pydash.readthedocs.io/en/latest/", "title": "License \u2014 pydash 5.1.0 documentation"},
{"cleaned_name": "api.html", "url": "https://pydash.readthedocs.io/en/latest/api.html", "size": "992605", "referer": "https://pydash.readthedocs.io/en/latest/", "title": "API Reference \u2014 pydash 5.1.0 documentation"},
{"cleaned_name": "devguide.html", "url": "https://pydash.readthedocs.io/en/latest/devguide.html", "size": "22374", "referer": "https://pydash.readthedocs.io/en/latest/", "title": "Developer Guide \u2014 pydash 5.1.0 documentation"},
{"cleaned_name": "upgrading.html", "url": "https://pydash.readthedocs.io/en/latest/upgrading.html", "size": "56673", "referer": "https://pydash.readthedocs.io/en/latest/", "title": "Upgrading \u2014 pydash 5.1.0 documentation"},
{"cleaned_name": "templating.html", "url": "https://pydash.readthedocs.io/en/latest/templating.html", "size": "11690", "referer": "https://pydash.readthedocs.io/en/latest/", "title": "Templating \u2014 pydash 5.1.0 documentation"},
{"cleaned_name": "chaining.html", "url": "https://pydash.readthedocs.io/en/latest/chaining.html", "size": "25837", "referer": "https://pydash.readthedocs.io/en/latest/", "title": "Method Chaining \u2014 pydash 5.1.0 documentation"},
{"cleaned_name": "deeppath.html", "url": "https://pydash.readthedocs.io/en/latest/deeppath.html", "size": "13706", "referer": "https://pydash.readthedocs.io/en/latest/", "title": "Deep Path Strings \u2014 pydash 5.1.0 documentation"},
{"cleaned_name": "callbacks.html", "url": "https://pydash.readthedocs.io/en/latest/callbacks.html", "size": "27231", "referer": "https://pydash.readthedocs.io/en/latest/", "title": "Callbacks \u2014 pydash 5.1.0 documentation"},
{"cleaned_name": "differences.html", "url": "https://pydash.readthedocs.io/en/latest/differences.html", "size": "16824", "referer": "https://pydash.readthedocs.io/en/latest/", "title": "Lodash Differences \u2014 pydash 5.1.0 documentation"},
{"cleaned_name": "quickstart.html", "url": "https://pydash.readthedocs.io/en/latest/quickstart.html", "size": "19371", "referer": "https://pydash.readthedocs.io/en/latest/", "title": "Quickstart \u2014 pydash 5.1.0 documentation"},
{"cleaned_name": "installation.html", "url": "https://pydash.readthedocs.io/en/latest/installation.html", "size": "11448", "referer": "https://pydash.readthedocs.io/en/latest/", "title": "Installation \u2014 pydash 5.1.0 documentation"},
{"cleaned_name": "_modules_pydash_collections.html", "url": "https://pydash.readthedocs.io/en/latest/_modules/pydash/collections.html", "size": "98198", "referer": "https://pydash.readthedocs.io/en/latest/api.html", "title": "pydash.collections \u2014 pydash 5.1.0 documentation"},
{"cleaned_name": "_modules_pydash_chaining.html", "url": "https://pydash.readthedocs.io/en/latest/_modules/pydash/chaining.html", "size": "37035", "referer": "https://pydash.readthedocs.io/en/latest/api.html", "title": "pydash.chaining \u2014 pydash 5.1.0 documentation"},
{"cleaned_name": "_modules_pydash_arrays.html", "url": "https://pydash.readthedocs.io/en/latest/_modules/pydash/arrays.html", "size": "187341", "referer": "https://pydash.readthedocs.io/en/latest/api.html", "title": "pydash.arrays \u2014 pydash 5.1.0 documentation"},
{"cleaned_name": "_modules_pydash_objects.html", "url": "https://pydash.readthedocs.io/en/latest/_modules/pydash/objects.html", "size": "156731", "referer": "https://pydash.readthedocs.io/en/latest/api.html", "title": "pydash.objects \u2014 pydash 5.1.0 documentation"},
{"cleaned_name": "_modules_pydash_numerical.html", "url": "https://pydash.readthedocs.io/en/latest/_modules/pydash/numerical.html", "size": "64353", "referer": "https://pydash.readthedocs.io/en/latest/api.html", "title": "pydash.numerical \u2014 pydash 5.1.0 documentation"},
{"cleaned_name": "_modules_pydash_utilities.html", "url": "https://pydash.readthedocs.io/en/latest/_modules/pydash/utilities.html", "size": "116166", "referer": "https://pydash.readthedocs.io/en/latest/api.html", "title": "pydash.utilities \u2014 pydash 5.1.0 documentation"},
{"cleaned_name": "_modules_pydash_strings.html", "url": "https://pydash.readthedocs.io/en/latest/_modules/pydash/strings.html", "size": "212712", "referer": "https://pydash.readthedocs.io/en/latest/api.html", "title": "pydash.strings \u2014 pydash 5.1.0 documentation"},
{"cleaned_name": "_modules_pydash_predicates.html", "url": "https://pydash.readthedocs.io/en/latest/_modules/pydash/predicates.html", "size": "88738", "referer": "https://pydash.readthedocs.io/en/latest/api.html", "title": "pydash.predicates \u2014 pydash 5.1.0 documentation"},
{"cleaned_name": "_modules_pydash_functions.html", "url": "https://pydash.readthedocs.io/en/latest/_modules/pydash/functions.html", "size": "98944", "referer": "https://pydash.readthedocs.io/en/latest/api.html", "title": "pydash.functions \u2014 pydash 5.1.0 documentation"},
{"cleaned_name": "_modules_index.html", "url": "https://pydash.readthedocs.io/en/latest/_modules/index.html", "size": "10833", "referer": "https://pydash.readthedocs.io/en/latest/_modules/pydash/collections.html", "title": "Overview: module code \u2014 pydash 5.1.0 documentation"}
]