[
{"cleaned_name": "index.html", "url": "https://docs.pymc.io/en/v3/", "size": "16023", "referer": null, "title": "PyMC3 Documentation \u2014 PyMC3 3.11.5 documentation"},
{"cleaned_name": "PyMC3_and_Theano.html", "url": "https://docs.pymc.io/en/v3/PyMC3_and_Theano.html", "size": "30701", "referer": "https://docs.pymc.io/en/v3/", "title": "PyMC3 and Theano \u2014 PyMC3 3.11.5 documentation"},
{"cleaned_name": "pymc-examples_examples_variational_inference_variational_api_quickstart.html", "url": "https://docs.pymc.io/en/v3/pymc-examples/examples/variational_inference/variational_api_quickstart.html", "size": "119852", "referer": "https://docs.pymc.io/en/v3/", "title": "Variational API quickstart \u2014 PyMC3 3.11.5 documentation"},
{"cleaned_name": "Gaussian_Processes.html", "url": "https://docs.pymc.io/en/v3/Gaussian_Processes.html", "size": "30637", "referer": "https://docs.pymc.io/en/v3/", "title": "Gaussian Processes \u2014 PyMC3 3.11.5 documentation"},
{"cleaned_name": "Probability_Distributions.html", "url": "https://docs.pymc.io/en/v3/Probability_Distributions.html", "size": "21109", "referer": "https://docs.pymc.io/en/v3/", "title": "Probability Distributions in PyMC3 \u2014 PyMC3 3.11.5 documentation"},
{"cleaned_name": "pymc-examples_examples_pymc3_howto_api_quickstart.html", "url": "https://docs.pymc.io/en/v3/pymc-examples/examples/pymc3_howto/api_quickstart.html", "size": "136754", "referer": "https://docs.pymc.io/en/v3/", "title": "General API quickstart \u2014 PyMC3 3.11.5 documentation"},
{"cleaned_name": "about.html", "url": "https://docs.pymc.io/en/v3/about.html", "size": "25944", "referer": "https://docs.pymc.io/en/v3/", "title": "About PyMC3 \u2014 PyMC3 3.11.5 documentation"},
{"cleaned_name": "developer_guide.html", "url": "https://docs.pymc.io/en/v3/developer_guide.html", "size": "130890", "referer": "https://docs.pymc.io/en/v3/", "title": "PyMC3 Developer Guide \u2014 PyMC3 3.11.5 documentation"},
{"cleaned_name": "api.html", "url": "https://docs.pymc.io/en/v3/api.html", "size": "10677", "referer": "https://docs.pymc.io/en/v3/", "title": "API Reference \u2014 PyMC3 3.11.5 documentation"},
{"cleaned_name": "learn.html", "url": "https://docs.pymc.io/en/v3/learn.html", "size": "15841", "referer": "https://docs.pymc.io/en/v3/", "title": "Learning Resources \u2014 PyMC3 3.11.5 documentation"},
{"cleaned_name": "nb_examples_index.html", "url": "https://docs.pymc.io/en/v3/nb_examples/index.html", "size": "6524", "referer": "https://docs.pymc.io/en/v3/", "title": "examples_notebooks \u2014 PyMC3 3.11.5 documentation"},
{"cleaned_name": "nb_tutorials_index.html", "url": "https://docs.pymc.io/en/v3/nb_tutorials/index.html", "size": "6528", "referer": "https://docs.pymc.io/en/v3/", "title": "tutorials_notebooks \u2014 PyMC3 3.11.5 documentation"},
{"cleaned_name": "search.html", "url": "https://docs.pymc.io/en/v3/search.html", "size": "7173", "referer": "https://docs.pymc.io/en/v3/api.html", "title": "Search \u2014 PyMC3 3.11.5 documentation"},
{"cleaned_name": "py-modindex.html", "url": "https://docs.pymc.io/en/v3/py-modindex.html", "size": "12656", "referer": "https://docs.pymc.io/en/v3/api.html", "title": "Python Module Index \u2014 PyMC3 3.11.5 documentation"},
{"cleaned_name": "genindex.html", "url": "https://docs.pymc.io/en/v3/genindex.html", "size": "104043", "referer": "https://docs.pymc.io/en/v3/api.html", "title": "Index \u2014 PyMC3 3.11.5 documentation"},
{"cleaned_name": "api_ode.html", "url": "https://docs.pymc.io/en/v3/api/ode.html", "size": "15975", "referer": "https://docs.pymc.io/en/v3/api.html", "title": "ODE \u2014 PyMC3 3.11.5 documentation"},
{"cleaned_name": "api_shape_utils.html", "url": "https://docs.pymc.io/en/v3/api/shape_utils.html", "size": "46742", "referer": "https://docs.pymc.io/en/v3/api.html", "title": "shape_utils \u2014 PyMC3 3.11.5 documentation"},
{"cleaned_name": "api_variables.html", "url": "https://docs.pymc.io/en/v3/api/variables.html", "size": "24324", "referer": "https://docs.pymc.io/en/v3/api.html", "title": "Random Variables \u2014 PyMC3 3.11.5 documentation"},
{"cleaned_name": "api_model_graph.html", "url": "https://docs.pymc.io/en/v3/api/model_graph.html", "size": "8457", "referer": "https://docs.pymc.io/en/v3/api.html", "title": "Graphing Models \u2014 PyMC3 3.11.5 documentation"},
{"cleaned_name": "api_model.html", "url": "https://docs.pymc.io/en/v3/api/model.html", "size": "57214", "referer": "https://docs.pymc.io/en/v3/api.html", "title": "Model \u2014 PyMC3 3.11.5 documentation"},
{"cleaned_name": "api_data.html", "url": "https://docs.pymc.io/en/v3/api/data.html", "size": "40339", "referer": "https://docs.pymc.io/en/v3/api.html", "title": "Data \u2014 PyMC3 3.11.5 documentation"},
{"cleaned_name": "api_math.html", "url": "https://docs.pymc.io/en/v3/api/math.html", "size": "52944", "referer": "https://docs.pymc.io/en/v3/api.html", "title": "Math \u2014 PyMC3 3.11.5 documentation"},
{"cleaned_name": "api_backends.html", "url": "https://docs.pymc.io/en/v3/api/backends.html", "size": "26247", "referer": "https://docs.pymc.io/en/v3/api.html", "title": "Backends \u2014 PyMC3 3.11.5 documentation"},
{"cleaned_name": "api_stats.html", "url": "https://docs.pymc.io/en/v3/api/stats.html", "size": "7039", "referer": "https://docs.pymc.io/en/v3/api.html", "title": "Stats \u2014 PyMC3 3.11.5 documentation"},
{"cleaned_name": "api_plots.html", "url": "https://docs.pymc.io/en/v3/api/plots.html", "size": "7017", "referer": "https://docs.pymc.io/en/v3/api.html", "title": "Plots \u2014 PyMC3 3.11.5 documentation"},
{"cleaned_name": "api_gp_cov.html", "url": "https://docs.pymc.io/en/v3/api/gp/cov.html", "size": "35396", "referer": "https://docs.pymc.io/en/v3/api.html", "title": "Covariance Functions \u2014 PyMC3 3.11.5 documentation"},
{"cleaned_name": "api_gp_mean.html", "url": "https://docs.pymc.io/en/v3/api/gp/mean.html", "size": "10090", "referer": "https://docs.pymc.io/en/v3/api.html", "title": "Mean Functions \u2014 PyMC3 3.11.5 documentation"},
{"cleaned_name": "api_gp_implementations.html", "url": "https://docs.pymc.io/en/v3/api/gp/implementations.html", "size": "76371", "referer": "https://docs.pymc.io/en/v3/api.html", "title": "Implementations \u2014 PyMC3 3.11.5 documentation"},
{"cleaned_name": "api_gp.html", "url": "https://docs.pymc.io/en/v3/api/gp.html", "size": "6709", "referer": "https://docs.pymc.io/en/v3/api.html", "title": "Gaussian Processes API \u2014 PyMC3 3.11.5 documentation"},
{"cleaned_name": "api_glm.html", "url": "https://docs.pymc.io/en/v3/api/glm.html", "size": "15852", "referer": "https://docs.pymc.io/en/v3/api.html", "title": "Generalized Linear Models \u2014 PyMC3 3.11.5 documentation"},
{"cleaned_name": "api_inference.html", "url": "https://docs.pymc.io/en/v3/api/inference.html", "size": "249221", "referer": "https://docs.pymc.io/en/v3/api.html", "title": "Inference \u2014 PyMC3 3.11.5 documentation"},
{"cleaned_name": "api_bounds.html", "url": "https://docs.pymc.io/en/v3/api/bounds.html", "size": "20053", "referer": "https://docs.pymc.io/en/v3/api.html", "title": "Bounded Variables \u2014 PyMC3 3.11.5 documentation"},
{"cleaned_name": "api_distributions_utilities.html", "url": "https://docs.pymc.io/en/v3/api/distributions/utilities.html", "size": "44976", "referer": "https://docs.pymc.io/en/v3/api.html", "title": "Distribution utility classes and functions \u2014 PyMC3 3.11.5 documentation"},
{"cleaned_name": "api_distributions_transforms.html", "url": "https://docs.pymc.io/en/v3/api/distributions/transforms.html", "size": "85360", "referer": "https://docs.pymc.io/en/v3/api.html", "title": "Transformations of a random variable from one space to another. \u2014 PyMC3 3.11.5 documentation"},
{"cleaned_name": "api_distributions_timeseries.html", "url": "https://docs.pymc.io/en/v3/api/distributions/timeseries.html", "size": "42113", "referer": "https://docs.pymc.io/en/v3/api.html", "title": "Timeseries \u2014 PyMC3 3.11.5 documentation"},
{"cleaned_name": "api_distributions_mixture.html", "url": "https://docs.pymc.io/en/v3/api/distributions/mixture.html", "size": "40082", "referer": "https://docs.pymc.io/en/v3/api.html", "title": "Mixture \u2014 PyMC3 3.11.5 documentation"},
{"cleaned_name": "api_distributions_multivariate.html", "url": "https://docs.pymc.io/en/v3/api/distributions/multivariate.html", "size": "108675", "referer": "https://docs.pymc.io/en/v3/api.html", "title": "Multivariate \u2014 PyMC3 3.11.5 documentation"},
{"cleaned_name": "api_distributions_discrete.html", "url": "https://docs.pymc.io/en/v3/api/distributions/discrete.html", "size": "122877", "referer": "https://docs.pymc.io/en/v3/api.html", "title": "Discrete \u2014 PyMC3 3.11.5 documentation"},
{"cleaned_name": "api_distributions_continuous.html", "url": "https://docs.pymc.io/en/v3/api/distributions/continuous.html", "size": "251498", "referer": "https://docs.pymc.io/en/v3/api.html", "title": "Continuous \u2014 PyMC3 3.11.5 documentation"},
{"cleaned_name": "api_distributions.html", "url": "https://docs.pymc.io/en/v3/api/distributions.html", "size": "7842", "referer": "https://docs.pymc.io/en/v3/api.html", "title": "Distributions \u2014 PyMC3 3.11.5 documentation"}
]