[
{"cleaned_name": "index.html", "url": "https://pynacl.readthedocs.io/en/latest/", "size": "18519", "referer": null, "title": "PyNaCl: Python binding to the libsodium library \u2014 PyNaCl 1.6.0.dev1 documentation"},
{"cleaned_name": "search_.html", "url": "https://pynacl.readthedocs.io/en/latest/search/", "size": "8435", "referer": "https://pynacl.readthedocs.io/en/latest/", "title": "Search \u2014 PyNaCl 1.6.0.dev1 documentation"},
{"cleaned_name": "py-modindex_.html", "url": "https://pynacl.readthedocs.io/en/latest/py-modindex/", "size": "9405", "referer": "https://pynacl.readthedocs.io/en/latest/", "title": "Python Module Index \u2014 PyNaCl 1.6.0.dev1 documentation"},
{"cleaned_name": "genindex_.html", "url": "https://pynacl.readthedocs.io/en/latest/genindex/", "size": "28034", "referer": "https://pynacl.readthedocs.io/en/latest/", "title": "Index \u2014 PyNaCl 1.6.0.dev1 documentation"},
{"cleaned_name": "changelog_.html", "url": "https://pynacl.readthedocs.io/en/latest/changelog/", "size": "19537", "referer": "https://pynacl.readthedocs.io/en/latest/", "title": "Changelog \u2014 PyNaCl 1.6.0.dev1 documentation"},
{"cleaned_name": "vectors_.html", "url": "https://pynacl.readthedocs.io/en/latest/vectors/", "size": "16720", "referer": "https://pynacl.readthedocs.io/en/latest/", "title": "Reference vectors \u2014 PyNaCl 1.6.0.dev1 documentation"},
{"cleaned_name": "doing-a-release_.html", "url": "https://pynacl.readthedocs.io/en/latest/doing-a-release/", "size": "9919", "referer": "https://pynacl.readthedocs.io/en/latest/", "title": "Doing A Release \u2014 PyNaCl 1.6.0.dev1 documentation"},
{"cleaned_name": "install_.html", "url": "https://pynacl.readthedocs.io/en/latest/install/", "size": "12336", "referer": "https://pynacl.readthedocs.io/en/latest/", "title": "Installation \u2014 PyNaCl 1.6.0.dev1 documentation"},
{"cleaned_name": "api_hashlib_.html", "url": "https://pynacl.readthedocs.io/en/latest/api/hashlib/", "size": "18896", "referer": "https://pynacl.readthedocs.io/en/latest/", "title": "nacl.hashlib \u2014 PyNaCl 1.6.0.dev1 documentation"},
{"cleaned_name": "api_pwhash_.html", "url": "https://pynacl.readthedocs.io/en/latest/api/pwhash/", "size": "63706", "referer": "https://pynacl.readthedocs.io/en/latest/", "title": "nacl.pwhash \u2014 PyNaCl 1.6.0.dev1 documentation"},
{"cleaned_name": "api_hash_.html", "url": "https://pynacl.readthedocs.io/en/latest/api/hash/", "size": "20538", "referer": "https://pynacl.readthedocs.io/en/latest/", "title": "nacl.hash \u2014 PyNaCl 1.6.0.dev1 documentation"},
{"cleaned_name": "utils_.html", "url": "https://pynacl.readthedocs.io/en/latest/utils/", "size": "14760", "referer": "https://pynacl.readthedocs.io/en/latest/", "title": "Utilities \u2014 PyNaCl 1.6.0.dev1 documentation"},
{"cleaned_name": "exceptions_.html", "url": "https://pynacl.readthedocs.io/en/latest/exceptions/", "size": "19901", "referer": "https://pynacl.readthedocs.io/en/latest/", "title": "Exceptions \u2014 PyNaCl 1.6.0.dev1 documentation"},
{"cleaned_name": "encoding_.html", "url": "https://pynacl.readthedocs.io/en/latest/encoding/", "size": "16005", "referer": "https://pynacl.readthedocs.io/en/latest/", "title": "Encoders \u2014 PyNaCl 1.6.0.dev1 documentation"},
{"cleaned_name": "password_hashing_.html", "url": "https://pynacl.readthedocs.io/en/latest/password_hashing/", "size": "33420", "referer": "https://pynacl.readthedocs.io/en/latest/", "title": "Password hashing \u2014 PyNaCl 1.6.0.dev1 documentation"},
{"cleaned_name": "hashing_.html", "url": "https://pynacl.readthedocs.io/en/latest/hashing/", "size": "29618", "referer": "https://pynacl.readthedocs.io/en/latest/", "title": "Hashing \u2014 PyNaCl 1.6.0.dev1 documentation"},
{"cleaned_name": "signing_.html", "url": "https://pynacl.readthedocs.io/en/latest/signing/", "size": "42138", "referer": "https://pynacl.readthedocs.io/en/latest/", "title": "Digital Signatures \u2014 PyNaCl 1.6.0.dev1 documentation"},
{"cleaned_name": "secret_.html", "url": "https://pynacl.readthedocs.io/en/latest/secret/", "size": "26841", "referer": "https://pynacl.readthedocs.io/en/latest/", "title": "Secret Key Encryption \u2014 PyNaCl 1.6.0.dev1 documentation"},
{"cleaned_name": "public_.html", "url": "https://pynacl.readthedocs.io/en/latest/public/", "size": "38649", "referer": "https://pynacl.readthedocs.io/en/latest/", "title": "Public Key Encryption \u2014 PyNaCl 1.6.0.dev1 documentation"},
{"cleaned_name": "vectors_bundled_library_build_.html", "url": "https://pynacl.readthedocs.io/en/latest/vectors/bundled_library_build/", "size": "12927", "referer": "https://pynacl.readthedocs.io/en/latest/changelog/", "title": "Building the bundled library \u2014 PyNaCl 1.6.0.dev1 documentation"},
{"cleaned_name": "vectors_secretstream_vectors_.html", "url": "https://pynacl.readthedocs.io/en/latest/vectors/secretstream_vectors/", "size": "41835", "referer": "https://pynacl.readthedocs.io/en/latest/vectors/", "title": "secretstream reference vectors \u2014 PyNaCl 1.6.0.dev1 documentation"},
{"cleaned_name": "vectors_sealedbox_vectors_.html", "url": "https://pynacl.readthedocs.io/en/latest/vectors/sealedbox_vectors/", "size": "57188", "referer": "https://pynacl.readthedocs.io/en/latest/vectors/", "title": "SealedBox reference vectors \u2014 PyNaCl 1.6.0.dev1 documentation"},
{"cleaned_name": "vectors_scrypt_vectors_.html", "url": "https://pynacl.readthedocs.io/en/latest/vectors/scrypt_vectors/", "size": "14862", "referer": "https://pynacl.readthedocs.io/en/latest/vectors/", "title": "scrypt reference vectors \u2014 PyNaCl 1.6.0.dev1 documentation"},
{"cleaned_name": "vectors_blake2_vectors_.html", "url": "https://pynacl.readthedocs.io/en/latest/vectors/blake2_vectors/", "size": "16460", "referer": "https://pynacl.readthedocs.io/en/latest/vectors/", "title": "Blake2b reference vectors \u2014 PyNaCl 1.6.0.dev1 documentation"},
{"cleaned_name": "_modules_nacl_hashlib_.html", "url": "https://pynacl.readthedocs.io/en/latest/_modules/nacl/hashlib/", "size": "24068", "referer": "https://pynacl.readthedocs.io/en/latest/api/hashlib/", "title": "nacl.hashlib \u2014 PyNaCl 1.6.0.dev1 documentation"},
{"cleaned_name": "_modules_nacl_pwhash_scrypt_.html", "url": "https://pynacl.readthedocs.io/en/latest/_modules/nacl/pwhash/scrypt/", "size": "27682", "referer": "https://pynacl.readthedocs.io/en/latest/api/pwhash/", "title": "nacl.pwhash.scrypt \u2014 PyNaCl 1.6.0.dev1 documentation"},
{"cleaned_name": "_modules_nacl_hash_.html", "url": "https://pynacl.readthedocs.io/en/latest/_modules/nacl/hash/", "size": "26958", "referer": "https://pynacl.readthedocs.io/en/latest/api/hash/", "title": "nacl.hash \u2014 PyNaCl 1.6.0.dev1 documentation"},
{"cleaned_name": "_modules_nacl_utils_.html", "url": "https://pynacl.readthedocs.io/en/latest/_modules/nacl/utils/", "size": "16826", "referer": "https://pynacl.readthedocs.io/en/latest/utils/", "title": "nacl.utils \u2014 PyNaCl 1.6.0.dev1 documentation"},
{"cleaned_name": "_modules_nacl_exceptions_.html", "url": "https://pynacl.readthedocs.io/en/latest/_modules/nacl/exceptions/", "size": "16441", "referer": "https://pynacl.readthedocs.io/en/latest/exceptions/", "title": "nacl.exceptions \u2014 PyNaCl 1.6.0.dev1 documentation"},
{"cleaned_name": "_modules_nacl_encoding_.html", "url": "https://pynacl.readthedocs.io/en/latest/_modules/nacl/encoding/", "size": "20149", "referer": "https://pynacl.readthedocs.io/en/latest/encoding/", "title": "nacl.encoding \u2014 PyNaCl 1.6.0.dev1 documentation"},
{"cleaned_name": "_modules_nacl_pwhash_argon2i_.html", "url": "https://pynacl.readthedocs.io/en/latest/_modules/nacl/pwhash/argon2i/", "size": "20187", "referer": "https://pynacl.readthedocs.io/en/latest/api/pwhash/", "title": "nacl.pwhash.argon2i \u2014 PyNaCl 1.6.0.dev1 documentation"},
{"cleaned_name": "_modules_nacl_pwhash__argon2_.html", "url": "https://pynacl.readthedocs.io/en/latest/_modules/nacl/pwhash/_argon2/", "size": "13387", "referer": "https://pynacl.readthedocs.io/en/latest/api/pwhash/", "title": "nacl.pwhash._argon2 \u2014 PyNaCl 1.6.0.dev1 documentation"},
{"cleaned_name": "_modules_nacl_signing_.html", "url": "https://pynacl.readthedocs.io/en/latest/_modules/nacl/signing/", "size": "37541", "referer": "https://pynacl.readthedocs.io/en/latest/signing/", "title": "nacl.signing \u2014 PyNaCl 1.6.0.dev1 documentation"},
{"cleaned_name": "_modules_nacl_secret_.html", "url": "https://pynacl.readthedocs.io/en/latest/_modules/nacl/secret/", "size": "41548", "referer": "https://pynacl.readthedocs.io/en/latest/secret/", "title": "nacl.secret \u2014 PyNaCl 1.6.0.dev1 documentation"},
{"cleaned_name": "_modules_nacl_public_.html", "url": "https://pynacl.readthedocs.io/en/latest/_modules/nacl/public/", "size": "55761", "referer": "https://pynacl.readthedocs.io/en/latest/public/", "title": "nacl.public \u2014 PyNaCl 1.6.0.dev1 documentation"},
{"cleaned_name": "_modules_nacl_pwhash_.html", "url": "https://pynacl.readthedocs.io/en/latest/_modules/nacl/pwhash/", "size": "17013", "referer": "https://pynacl.readthedocs.io/en/latest/api/pwhash/", "title": "nacl.pwhash \u2014 PyNaCl 1.6.0.dev1 documentation"},
{"cleaned_name": "_modules_nacl_pwhash_argon2id_.html", "url": "https://pynacl.readthedocs.io/en/latest/_modules/nacl/pwhash/argon2id/", "size": "20296", "referer": "https://pynacl.readthedocs.io/en/latest/api/pwhash/", "title": "nacl.pwhash.argon2id \u2014 PyNaCl 1.6.0.dev1 documentation"},
{"cleaned_name": "_downloads_8b900936c2d8730c5057b7e9a6a767a9_secretstream_test_vector.c.html", "url": "https://pynacl.readthedocs.io/en/latest/_downloads/8b900936c2d8730c5057b7e9a6a767a9/secretstream_test_vector.c", "size": "4500", "referer": "https://pynacl.readthedocs.io/en/latest/vectors/secretstream_vectors/"},
{"cleaned_name": "_downloads_7814e564f9946da0522aaa5a2474ef20_sealbox_test_vectors.c.html", "url": "https://pynacl.readthedocs.io/en/latest/_downloads/7814e564f9946da0522aaa5a2474ef20/sealbox_test_vectors.c", "size": "5841", "referer": "https://pynacl.readthedocs.io/en/latest/vectors/sealedbox_vectors/"},
{"cleaned_name": "vectors_argon2_vectors_.html", "url": "https://pynacl.readthedocs.io/en/latest/vectors/argon2_vectors/", "size": "44397", "referer": "https://pynacl.readthedocs.io/en/latest/vectors/", "title": "Argon2 constructs reference vectors \u2014 PyNaCl 1.6.0.dev1 documentation"},
{"cleaned_name": "_modules_.html", "url": "https://pynacl.readthedocs.io/en/latest/_modules/", "size": "8784", "referer": "https://pynacl.readthedocs.io/en/latest/_modules/nacl/hashlib/", "title": "Overview: module code \u2014 PyNaCl 1.6.0.dev1 documentation"},
{"cleaned_name": "_downloads_44b911a7f4a40c3279763302410cf51d_argondriver.py.html", "url": "https://pynacl.readthedocs.io/en/latest/_downloads/44b911a7f4a40c3279763302410cf51d/argondriver.py", "size": "4639", "referer": "https://pynacl.readthedocs.io/en/latest/vectors/argon2_vectors/"}
]