[
{"cleaned_name": "index.html", "url": "https://python-rapidjson.readthedocs.io/en/latest/", "size": "7167", "referer": null, "title": "python-rapidjson \u2014 python-rapidjson 0.9.4 documentation"},
{"cleaned_name": "search.html", "url": "https://python-rapidjson.readthedocs.io/en/latest/search.html", "size": "4434", "referer": "https://python-rapidjson.readthedocs.io/en/latest/", "title": "Search \u2014 python-rapidjson 0.9.4 documentation"},
{"cleaned_name": "genindex.html", "url": "https://python-rapidjson.readthedocs.io/en/latest/genindex.html", "size": "14854", "referer": "https://python-rapidjson.readthedocs.io/en/latest/", "title": "Index \u2014 python-rapidjson 0.9.4 documentation"},
{"cleaned_name": "rawjson.html", "url": "https://python-rapidjson.readthedocs.io/en/latest/rawjson.html", "size": "8057", "referer": "https://python-rapidjson.readthedocs.io/en/latest/", "title": "RawJSON class \u2014 python-rapidjson 0.9.4 documentation"},
{"cleaned_name": "validator.html", "url": "https://python-rapidjson.readthedocs.io/en/latest/validator.html", "size": "13195", "referer": "https://python-rapidjson.readthedocs.io/en/latest/", "title": "Validator class \u2014 python-rapidjson 0.9.4 documentation"},
{"cleaned_name": "decoder.html", "url": "https://python-rapidjson.readthedocs.io/en/latest/decoder.html", "size": "28916", "referer": "https://python-rapidjson.readthedocs.io/en/latest/", "title": "Decoder class \u2014 python-rapidjson 0.9.4 documentation"},
{"cleaned_name": "encoder.html", "url": "https://python-rapidjson.readthedocs.io/en/latest/encoder.html", "size": "32020", "referer": "https://python-rapidjson.readthedocs.io/en/latest/", "title": "Encoder class \u2014 python-rapidjson 0.9.4 documentation"},
{"cleaned_name": "load.html", "url": "https://python-rapidjson.readthedocs.io/en/latest/load.html", "size": "11689", "referer": "https://python-rapidjson.readthedocs.io/en/latest/", "title": "load() function \u2014 python-rapidjson 0.9.4 documentation"},
{"cleaned_name": "loads.html", "url": "https://python-rapidjson.readthedocs.io/en/latest/loads.html", "size": "35920", "referer": "https://python-rapidjson.readthedocs.io/en/latest/", "title": "loads() function \u2014 python-rapidjson 0.9.4 documentation"},
{"cleaned_name": "dump.html", "url": "https://python-rapidjson.readthedocs.io/en/latest/dump.html", "size": "14663", "referer": "https://python-rapidjson.readthedocs.io/en/latest/", "title": "dump() function \u2014 python-rapidjson 0.9.4 documentation"},
{"cleaned_name": "dumps.html", "url": "https://python-rapidjson.readthedocs.io/en/latest/dumps.html", "size": "81724", "referer": "https://python-rapidjson.readthedocs.io/en/latest/", "title": "dumps() function \u2014 python-rapidjson 0.9.4 documentation"},
{"cleaned_name": "api.html", "url": "https://python-rapidjson.readthedocs.io/en/latest/api.html", "size": "35643", "referer": "https://python-rapidjson.readthedocs.io/en/latest/", "title": "Exposed functions and symbols \u2014 python-rapidjson 0.9.4 documentation"},
{"cleaned_name": "benchmarks.html", "url": "https://python-rapidjson.readthedocs.io/en/latest/benchmarks.html", "size": "28367", "referer": "https://python-rapidjson.readthedocs.io/en/latest/", "title": "Performance \u2014 python-rapidjson 0.9.4 documentation"},
{"cleaned_name": "quickstart.html", "url": "https://python-rapidjson.readthedocs.io/en/latest/quickstart.html", "size": "35426", "referer": "https://python-rapidjson.readthedocs.io/en/latest/", "title": "Quick start \u2014 python-rapidjson 0.9.4 documentation"}
]