[
{"cleaned_name": "index.html", "url": "https://docs.sympy.org/latest/index.html", "size": "8963", "referer": null, "title": "Welcome to SymPy\u2019s documentation! \u2014 SymPy 1.10.1 documentation"},
{"cleaned_name": "reference_index.html", "url": "https://docs.sympy.org/latest/reference/index.html", "size": "10990", "referer": "https://docs.sympy.org/latest/index.html", "title": "Reference Documentation \u2014 SymPy 1.10.1 documentation"},
{"cleaned_name": "explanation_index.html", "url": "https://docs.sympy.org/latest/explanation/index.html", "size": "8906", "referer": "https://docs.sympy.org/latest/index.html", "title": "Explanation \u2014 SymPy 1.10.1 documentation"},
{"cleaned_name": "guides_index.html", "url": "https://docs.sympy.org/latest/guides/index.html", "size": "11055", "referer": "https://docs.sympy.org/latest/index.html", "title": "SymPy Guides \u2014 SymPy 1.10.1 documentation"},
{"cleaned_name": "index.html", "url": "https://docs.sympy.org/latest/index.html", "size": "8963", "referer": "https://docs.sympy.org/latest/index.html", "title": "Welcome to SymPy\u2019s documentation! \u2014 SymPy 1.10.1 documentation"},
{"cleaned_name": "tutorial_index.html", "url": "https://docs.sympy.org/latest/tutorial/index.html", "size": "10238", "referer": "https://docs.sympy.org/latest/index.html", "title": "SymPy Tutorial \u2014 SymPy 1.10.1 documentation"},
{"cleaned_name": "py-modindex.html", "url": "https://docs.sympy.org/latest/py-modindex.html", "size": "69164", "referer": "https://docs.sympy.org/latest/index.html", "title": "Python Module Index \u2014 SymPy 1.10.1 documentation"},
{"cleaned_name": "genindex.html", "url": "https://docs.sympy.org/latest/genindex.html", "size": "917575", "referer": "https://docs.sympy.org/latest/index.html", "title": "Index \u2014 SymPy 1.10.1 documentation"},
{"cleaned_name": "reference_public_topics_index.html", "url": "https://docs.sympy.org/latest/reference/public/topics/index.html", "size": "12056", "referer": "https://docs.sympy.org/latest/reference/index.html", "title": "Topics \u2014 SymPy 1.10.1 documentation"},
{"cleaned_name": "reference_public_utilities_index.html", "url": "https://docs.sympy.org/latest/reference/public/utilities/index.html", "size": "14861", "referer": "https://docs.sympy.org/latest/reference/index.html", "title": "Utilities \u2014 SymPy 1.10.1 documentation"},
{"cleaned_name": "reference_public_physics_index.html", "url": "https://docs.sympy.org/latest/reference/public/physics/index.html", "size": "13035", "referer": "https://docs.sympy.org/latest/reference/index.html", "title": "Physics \u2014 SymPy 1.10.1 documentation"},
{"cleaned_name": "reference_public_numbertheory_index.html", "url": "https://docs.sympy.org/latest/reference/public/numbertheory/index.html", "size": "7499", "referer": "https://docs.sympy.org/latest/reference/index.html", "title": "Number Theory \u2014 SymPy 1.10.1 documentation"},
{"cleaned_name": "reference_public_matrices_index.html", "url": "https://docs.sympy.org/latest/reference/public/matrices/index.html", "size": "8340", "referer": "https://docs.sympy.org/latest/reference/index.html", "title": "Matrices \u2014 SymPy 1.10.1 documentation"},
{"cleaned_name": "reference_public_logic_index.html", "url": "https://docs.sympy.org/latest/reference/public/logic/index.html", "size": "8550", "referer": "https://docs.sympy.org/latest/reference/index.html", "title": "Logic \u2014 SymPy 1.10.1 documentation"},
{"cleaned_name": "reference_public_codegeneration_index.html", "url": "https://docs.sympy.org/latest/reference/public/codegeneration/index.html", "size": "9444", "referer": "https://docs.sympy.org/latest/reference/index.html", "title": "Code Generation \u2014 SymPy 1.10.1 documentation"},
{"cleaned_name": "explanation_active-deprecations.html", "url": "https://docs.sympy.org/latest/explanation/active-deprecations.html", "size": "167030", "referer": "https://docs.sympy.org/latest/reference/index.html", "title": "List of active deprecations \u2014 SymPy 1.10.1 documentation"},
{"cleaned_name": "reference_public_basics_index.html", "url": "https://docs.sympy.org/latest/reference/public/basics/index.html", "size": "16375", "referer": "https://docs.sympy.org/latest/reference/index.html", "title": "Basics \u2014 SymPy 1.10.1 documentation"},
{"cleaned_name": "explanation_special_topics_classification.html", "url": "https://docs.sympy.org/latest/explanation/special_topics/classification.html", "size": "17697", "referer": "https://docs.sympy.org/latest/explanation/index.html", "title": "Classification of SymPy objects \u2014 SymPy 1.10.1 documentation"},
{"cleaned_name": "explanation_special_topics_finite_diff_derivatives.html", "url": "https://docs.sympy.org/latest/explanation/special_topics/finite_diff_derivatives.html", "size": "52323", "referer": "https://docs.sympy.org/latest/explanation/index.html", "title": "Finite Difference Approximations to Derivatives \u2014 SymPy 1.10.1 documentation"},
{"cleaned_name": "explanation_special_topics_index.html", "url": "https://docs.sympy.org/latest/explanation/special_topics/index.html", "size": "7808", "referer": "https://docs.sympy.org/latest/explanation/index.html", "title": "SymPy Special Topics \u2014 SymPy 1.10.1 documentation"},
{"cleaned_name": "guides_assumptions.html", "url": "https://docs.sympy.org/latest/guides/assumptions.html", "size": "174760", "referer": "https://docs.sympy.org/latest/guides/index.html", "title": "Assumptions \u2014 SymPy 1.10.1 documentation"},
{"cleaned_name": "guides_contributing_deprecations.html", "url": "https://docs.sympy.org/latest/guides/contributing/deprecations.html", "size": "47322", "referer": "https://docs.sympy.org/latest/guides/index.html", "title": "Deprecation Policy \u2014 SymPy 1.10.1 documentation"},
{"cleaned_name": "tutorial_matrices.html", "url": "https://docs.sympy.org/latest/tutorial/matrices.html", "size": "62190", "referer": "https://docs.sympy.org/latest/tutorial/index.html", "title": "Matrices \u2014 SymPy 1.10.1 documentation"},
{"cleaned_name": "modules_vector_index.html", "url": "https://docs.sympy.org/latest/modules/vector/index.html", "size": "15591", "referer": "https://docs.sympy.org/latest/py-modindex.html", "title": "Vector \u2014 SymPy 1.10.1 documentation"},
{"cleaned_name": "modules_simplify_fu.html", "url": "https://docs.sympy.org/latest/modules/simplify/fu.html", "size": "123197", "referer": "https://docs.sympy.org/latest/genindex.html", "title": "Hongguang Fu\u2019s Trigonometric Simplification \u2014 SymPy 1.10.1 documentation"},
{"cleaned_name": "modules_polys_index.html", "url": "https://docs.sympy.org/latest/modules/polys/index.html", "size": "26410", "referer": "https://docs.sympy.org/latest/reference/public/topics/index.html", "title": "Polynomial Manipulation \u2014 SymPy 1.10.1 documentation"},
{"cleaned_name": "modules_physics_continuum_mechanics_beam_problems.html", "url": "https://docs.sympy.org/latest/modules/physics/continuum_mechanics/beam_problems.html", "size": "125094", "referer": "https://docs.sympy.org/latest/reference/public/utilities/index.html", "title": "Solving Beam Bending Problems using Singularity Functions \u2014 SymPy 1.10.1 documentation"},
{"cleaned_name": "modules_physics_continuum_mechanics_index.html", "url": "https://docs.sympy.org/latest/modules/physics/continuum_mechanics/index.html", "size": "9020", "referer": "https://docs.sympy.org/latest/reference/public/physics/index.html", "title": "Continuum Mechanics \u2014 SymPy 1.10.1 documentation"},
{"cleaned_name": "modules_physics_control_control.html", "url": "https://docs.sympy.org/latest/modules/physics/control/control.html", "size": "8694", "referer": "https://docs.sympy.org/latest/reference/public/physics/index.html", "title": "Control \u2014 SymPy 1.10.1 documentation"},
{"cleaned_name": "modules_physics_optics_index.html", "url": "https://docs.sympy.org/latest/modules/physics/optics/index.html", "size": "7397", "referer": "https://docs.sympy.org/latest/reference/public/physics/index.html", "title": "Optics Module \u2014 SymPy 1.10.1 documentation"},
{"cleaned_name": "modules_physics_quantum_index.html", "url": "https://docs.sympy.org/latest/modules/physics/quantum/index.html", "size": "10319", "referer": "https://docs.sympy.org/latest/reference/public/physics/index.html", "title": "Quantum Mechanics \u2014 SymPy 1.10.1 documentation"},
{"cleaned_name": "modules_rewriting.html", "url": "https://docs.sympy.org/latest/modules/rewriting.html", "size": "30683", "referer": "https://docs.sympy.org/latest/reference/public/codegeneration/index.html", "title": "Term Rewriting \u2014 SymPy 1.10.1 documentation"},
{"cleaned_name": "modules_physics_units_examples.html", "url": "https://docs.sympy.org/latest/modules/physics/units/examples.html", "size": "20531", "referer": "https://docs.sympy.org/latest/reference/public/physics/index.html", "title": "Examples \u2014 SymPy 1.10.1 documentation"},
{"cleaned_name": "modules_numeric-computation.html", "url": "https://docs.sympy.org/latest/modules/numeric-computation.html", "size": "22724", "referer": "https://docs.sympy.org/latest/reference/public/basics/index.html", "title": "Numeric Computation \u2014 SymPy 1.10.1 documentation"},
{"cleaned_name": "modules_evalf.html", "url": "https://docs.sympy.org/latest/modules/evalf.html", "size": "57508", "referer": "https://docs.sympy.org/latest/reference/public/basics/index.html", "title": "Numerical Evaluation \u2014 SymPy 1.10.1 documentation"},
{"cleaned_name": "modules_solvers_index.html", "url": "https://docs.sympy.org/latest/modules/solvers/index.html", "size": "14254", "referer": "https://docs.sympy.org/latest/reference/public/basics/index.html", "title": "Solvers \u2014 SymPy 1.10.1 documentation"},
{"cleaned_name": "modules_simplify_index.html", "url": "https://docs.sympy.org/latest/modules/simplify/index.html", "size": "10459", "referer": "https://docs.sympy.org/latest/reference/public/basics/index.html", "title": "Simplify \u2014 SymPy 1.10.1 documentation"},
{"cleaned_name": "modules_series_index.html", "url": "https://docs.sympy.org/latest/modules/series/index.html", "size": "8920", "referer": "https://docs.sympy.org/latest/reference/public/basics/index.html", "title": "Series \u2014 SymPy 1.10.1 documentation"},
{"cleaned_name": "modules_integrals_index.html", "url": "https://docs.sympy.org/latest/modules/integrals/index.html", "size": "10687", "referer": "https://docs.sympy.org/latest/reference/public/basics/index.html", "title": "Integrals \u2014 SymPy 1.10.1 documentation"},
{"cleaned_name": "modules_combinatorics_index.html", "url": "https://docs.sympy.org/latest/modules/combinatorics/index.html", "size": "10318", "referer": "https://docs.sympy.org/latest/reference/public/basics/index.html", "title": "Combinatorics \u2014 SymPy 1.10.1 documentation"},
{"cleaned_name": "modules_vector_vector_integration.html", "url": "https://docs.sympy.org/latest/modules/vector/vector_integration.html", "size": "42463", "referer": "https://docs.sympy.org/latest/modules/vector/index.html", "title": "Applications of Vector Integrals \u2014 SymPy 1.10.1 documentation"},
{"cleaned_name": "modules_vector_examples.html", "url": "https://docs.sympy.org/latest/modules/vector/examples.html", "size": "25365", "referer": "https://docs.sympy.org/latest/modules/vector/index.html", "title": "General examples of usage \u2014 SymPy 1.10.1 documentation"},
{"cleaned_name": "modules_polys_literature.html", "url": "https://docs.sympy.org/latest/modules/polys/literature.html", "size": "17151", "referer": "https://docs.sympy.org/latest/modules/polys/index.html", "title": "Literature \u2014 SymPy 1.10.1 documentation"},
{"cleaned_name": "modules_polys_domainsintro.html", "url": "https://docs.sympy.org/latest/modules/polys/domainsintro.html", "size": "218568", "referer": "https://docs.sympy.org/latest/modules/polys/index.html", "title": "Introducing the Domains of the poly module \u2014 SymPy 1.10.1 documentation"},
{"cleaned_name": "modules_polys_wester.html", "url": "https://docs.sympy.org/latest/modules/polys/wester.html", "size": "68248", "referer": "https://docs.sympy.org/latest/modules/polys/index.html", "title": "Examples from Wester\u2019s Article \u2014 SymPy 1.10.1 documentation"},
{"cleaned_name": "modules_polys_basics.html", "url": "https://docs.sympy.org/latest/modules/polys/basics.html", "size": "73187", "referer": "https://docs.sympy.org/latest/modules/polys/index.html", "title": "Basic functionality of the module \u2014 SymPy 1.10.1 documentation"},
{"cleaned_name": "modules_vector_fields.html", "url": "https://docs.sympy.org/latest/modules/vector/fields.html", "size": "55207", "referer": "https://docs.sympy.org/latest/modules/vector/index.html", "title": "Scalar and Vector Field Functionality \u2014 SymPy 1.10.1 documentation"},
{"cleaned_name": "modules_vector_coordsys.html", "url": "https://docs.sympy.org/latest/modules/vector/coordsys.html", "size": "42611", "referer": "https://docs.sympy.org/latest/modules/vector/index.html", "title": "More about Coordinate Systems \u2014 SymPy 1.10.1 documentation"},
{"cleaned_name": "modules_vector_basics.html", "url": "https://docs.sympy.org/latest/modules/vector/basics.html", "size": "40891", "referer": "https://docs.sympy.org/latest/modules/vector/index.html", "title": "Basic Implementation details \u2014 SymPy 1.10.1 documentation"},
{"cleaned_name": "modules_vector_intro.html", "url": "https://docs.sympy.org/latest/modules/vector/intro.html", "size": "14869", "referer": "https://docs.sympy.org/latest/modules/vector/index.html", "title": "Introduction \u2014 SymPy 1.10.1 documentation"},
{"cleaned_name": "modules_physics_units_philosophy.html", "url": "https://docs.sympy.org/latest/modules/physics/units/philosophy.html", "size": "22297", "referer": "https://docs.sympy.org/latest/reference/public/physics/index.html", "title": "Philosophy behind unit systems \u2014 SymPy 1.10.1 documentation"},
{"cleaned_name": "modules_physics_units_index.html", "url": "https://docs.sympy.org/latest/modules/physics/units/index.html", "size": "9159", "referer": "https://docs.sympy.org/latest/reference/public/physics/index.html", "title": "Unit systems \u2014 SymPy 1.10.1 documentation"},
{"cleaned_name": "modules_geometry_index.html", "url": "https://docs.sympy.org/latest/modules/geometry/index.html", "size": "35608", "referer": "https://docs.sympy.org/latest/reference/public/topics/index.html", "title": "Geometry \u2014 SymPy 1.10.1 documentation"},
{"cleaned_name": "modules_physics_vector_api_printing.html", "url": "https://docs.sympy.org/latest/modules/physics/vector/api/printing.html", "size": "30200", "referer": "https://docs.sympy.org/latest/genindex.html", "title": "Printing (Docstrings) \u2014 SymPy 1.10.1 documentation"},
{"cleaned_name": "modules_matrices_normalforms.html", "url": "https://docs.sympy.org/latest/modules/matrices/normalforms.html", "size": "14949", "referer": "https://docs.sympy.org/latest/genindex.html", "title": "Matrix Normal Forms \u2014 SymPy 1.10.1 documentation"},
{"cleaned_name": "modules_series_fourier.html", "url": "https://docs.sympy.org/latest/modules/series/fourier.html", "size": "45866", "referer": "https://docs.sympy.org/latest/genindex.html", "title": "Fourier Series \u2014 SymPy 1.10.1 documentation"},
{"cleaned_name": "modules_combinatorics_pc_groups.html", "url": "https://docs.sympy.org/latest/modules/combinatorics/pc_groups.html", "size": "45574", "referer": "https://docs.sympy.org/latest/modules/combinatorics/index.html", "title": "Polycyclic Groups \u2014 SymPy 1.10.1 documentation"},
{"cleaned_name": "modules_combinatorics_fp_groups.html", "url": "https://docs.sympy.org/latest/modules/combinatorics/fp_groups.html", "size": "39471", "referer": "https://docs.sympy.org/latest/modules/combinatorics/index.html", "title": "Finitely Presented Groups \u2014 SymPy 1.10.1 documentation"},
{"cleaned_name": "modules_physics_mechanics_api_expr_manip.html", "url": "https://docs.sympy.org/latest/modules/physics/mechanics/api/expr_manip.html", "size": "19351", "referer": "https://docs.sympy.org/latest/genindex.html", "title": "Expression Manipulation (Docstrings) \u2014 SymPy 1.10.1 documentation"},
{"cleaned_name": "modules_holonomic_convert.html", "url": "https://docs.sympy.org/latest/modules/holonomic/convert.html", "size": "19723", "referer": "https://docs.sympy.org/latest/genindex.html", "title": "Converting other representations to holonomic \u2014 SymPy 1.10.1 documentation"},
{"cleaned_name": "modules_holonomic_represent.html", "url": "https://docs.sympy.org/latest/modules/holonomic/represent.html", "size": "36853", "referer": "https://docs.sympy.org/latest/genindex.html", "title": "Representation of holonomic functions in SymPy \u2014 SymPy 1.10.1 documentation"},
{"cleaned_name": "modules_series_limitseq.html", "url": "https://docs.sympy.org/latest/modules/series/limitseq.html", "size": "19631", "referer": "https://docs.sympy.org/latest/genindex.html", "title": "Limits of Sequences \u2014 SymPy 1.10.1 documentation"},
{"cleaned_name": "modules_vector_api_vectorfunctions.html", "url": "https://docs.sympy.org/latest/modules/vector/api/vectorfunctions.html", "size": "53809", "referer": "https://docs.sympy.org/latest/genindex.html", "title": "Essential Functions in sympy.vector (docstrings) \u2014 SymPy 1.10.1 documentation"},
{"cleaned_name": "modules_physics_vector_api_fieldfunctions.html", "url": "https://docs.sympy.org/latest/modules/physics/vector/api/fieldfunctions.html", "size": "37685", "referer": "https://docs.sympy.org/latest/genindex.html", "title": "Docstrings for basic field functions \u2014 SymPy 1.10.1 documentation"},
{"cleaned_name": "modules_physics_vector_api_functions.html", "url": "https://docs.sympy.org/latest/modules/physics/vector/api/functions.html", "size": "35904", "referer": "https://docs.sympy.org/latest/genindex.html", "title": "Essential Functions (Docstrings) \u2014 SymPy 1.10.1 documentation"},
{"cleaned_name": "modules_holonomic_operations.html", "url": "https://docs.sympy.org/latest/modules/holonomic/operations.html", "size": "56567", "referer": "https://docs.sympy.org/latest/genindex.html", "title": "Operations on holonomic functions \u2014 SymPy 1.10.1 documentation"},
{"cleaned_name": "modules_series_formal.html", "url": "https://docs.sympy.org/latest/modules/series/formal.html", "size": "87624", "referer": "https://docs.sympy.org/latest/genindex.html", "title": "Formal Power Series \u2014 SymPy 1.10.1 documentation"},
{"cleaned_name": "modules_series_sequences.html", "url": "https://docs.sympy.org/latest/modules/series/sequences.html", "size": "66848", "referer": "https://docs.sympy.org/latest/genindex.html", "title": "Sequences \u2014 SymPy 1.10.1 documentation"},
{"cleaned_name": "modules_concrete.html", "url": "https://docs.sympy.org/latest/modules/concrete.html", "size": "164532", "referer": "https://docs.sympy.org/latest/genindex.html", "title": "Concrete \u2014 SymPy 1.10.1 documentation"},
{"cleaned_name": "modules_series_series.html", "url": "https://docs.sympy.org/latest/modules/series/series.html", "size": "90147", "referer": "https://docs.sympy.org/latest/genindex.html", "title": "Series Expansions \u2014 SymPy 1.10.1 documentation"},
{"cleaned_name": "modules_physics_control_control_plots.html", "url": "https://docs.sympy.org/latest/modules/physics/control/control_plots.html", "size": "85123", "referer": "https://docs.sympy.org/latest/genindex.html", "title": "Control System Plots \u2014 SymPy 1.10.1 documentation"},
{"cleaned_name": "modules_functions_combinatorial.html", "url": "https://docs.sympy.org/latest/modules/functions/combinatorial.html", "size": "177725", "referer": "https://docs.sympy.org/latest/genindex.html", "title": "Combinatorial \u2014 SymPy 1.10.1 documentation"},
{"cleaned_name": "modules_polys_agca.html", "url": "https://docs.sympy.org/latest/modules/polys/agca.html", "size": "233090", "referer": "https://docs.sympy.org/latest/genindex.html", "title": "AGCA - Algebraic Geometry and Commutative Algebra Module \u2014 SymPy 1.10.1 documentation"},
{"cleaned_name": "modules_solvers_diophantine.html", "url": "https://docs.sympy.org/latest/modules/solvers/diophantine.html", "size": "264875", "referer": "https://docs.sympy.org/latest/genindex.html", "title": "Diophantine \u2014 SymPy 1.10.1 documentation"},
{"cleaned_name": "modules_matrices_dense.html", "url": "https://docs.sympy.org/latest/modules/matrices/dense.html", "size": "34849", "referer": "https://docs.sympy.org/latest/genindex.html", "title": "Dense Matrices \u2014 SymPy 1.10.1 documentation"},
{"cleaned_name": "modules_physics_mechanics_api_printing.html", "url": "https://docs.sympy.org/latest/modules/physics/mechanics/api/printing.html", "size": "9265", "referer": "https://docs.sympy.org/latest/modules/physics/mechanics/api/expr_manip.html", "title": "Printing (Docstrings) \u2014 SymPy 1.10.1 documentation"},
{"cleaned_name": "modules_holonomic_uses.html", "url": "https://docs.sympy.org/latest/modules/holonomic/uses.html", "size": "13206", "referer": "https://docs.sympy.org/latest/modules/holonomic/convert.html", "title": "Uses and Current limitations \u2014 SymPy 1.10.1 documentation"},
{"cleaned_name": "modules_holonomic_about.html", "url": "https://docs.sympy.org/latest/modules/holonomic/about.html", "size": "10563", "referer": "https://docs.sympy.org/latest/modules/holonomic/represent.html", "title": "About Holonomic Functions \u2014 SymPy 1.10.1 documentation"},
{"cleaned_name": "modules_physics_vector_api_classes.html", "url": "https://docs.sympy.org/latest/modules/physics/vector/api/classes.html", "size": "163668", "referer": "https://docs.sympy.org/latest/genindex.html", "title": "Essential Classes \u2014 SymPy 1.10.1 documentation"},
{"cleaned_name": "modules_polys_domainmatrix.html", "url": "https://docs.sympy.org/latest/modules/polys/domainmatrix.html", "size": "252297", "referer": "https://docs.sympy.org/latest/genindex.html", "title": "Introducing the domainmatrix of the poly module \u2014 SymPy 1.10.1 documentation"},
{"cleaned_name": "modules_polys_domainsref.html", "url": "https://docs.sympy.org/latest/modules/polys/domainsref.html", "size": "751278", "referer": "https://docs.sympy.org/latest/genindex.html", "title": "Reference docs for the Poly Domains \u2014 SymPy 1.10.1 documentation"},
{"cleaned_name": "modules_polys_ringseries.html", "url": "https://docs.sympy.org/latest/modules/polys/ringseries.html", "size": "140153", "referer": "https://docs.sympy.org/latest/genindex.html", "title": "Series Manipulation using Polynomials \u2014 SymPy 1.10.1 documentation"},
{"cleaned_name": "modules_functions_elementary.html", "url": "https://docs.sympy.org/latest/modules/functions/elementary.html", "size": "342626", "referer": "https://docs.sympy.org/latest/genindex.html", "title": "Elementary \u2014 SymPy 1.10.1 documentation"},
{"cleaned_name": "modules_holonomic_internal.html", "url": "https://docs.sympy.org/latest/modules/holonomic/internal.html", "size": "9659", "referer": "https://docs.sympy.org/latest/genindex.html", "title": "Internal API \u2014 SymPy 1.10.1 documentation"},
{"cleaned_name": "modules_vector_api_orienterclasses.html", "url": "https://docs.sympy.org/latest/modules/vector/api/orienterclasses.html", "size": "36099", "referer": "https://docs.sympy.org/latest/genindex.html", "title": "Orienter classes (docstrings) \u2014 SymPy 1.10.1 documentation"},
{"cleaned_name": "modules_vector_api_classes.html", "url": "https://docs.sympy.org/latest/modules/vector/api/classes.html", "size": "140104", "referer": "https://docs.sympy.org/latest/genindex.html", "title": "Essential Classes in sympy.vector (docstrings) \u2014 SymPy 1.10.1 documentation"},
{"cleaned_name": "modules_utilities_timeutils.html", "url": "https://docs.sympy.org/latest/modules/utilities/timeutils.html", "size": "8001", "referer": "https://docs.sympy.org/latest/py-modindex.html", "title": "Timing Utilities \u2014 SymPy 1.10.1 documentation"},
{"cleaned_name": "modules_utilities_source.html", "url": "https://docs.sympy.org/latest/modules/utilities/source.html", "size": "10381", "referer": "https://docs.sympy.org/latest/py-modindex.html", "title": "Source Code Inspection \u2014 SymPy 1.10.1 documentation"},
{"cleaned_name": "modules_utilities_pkgdata.html", "url": "https://docs.sympy.org/latest/modules/utilities/pkgdata.html", "size": "10550", "referer": "https://docs.sympy.org/latest/py-modindex.html", "title": "PKGDATA \u2014 SymPy 1.10.1 documentation"},
{"cleaned_name": "modules_utilities_misc.html", "url": "https://docs.sympy.org/latest/modules/utilities/misc.html", "size": "39460", "referer": "https://docs.sympy.org/latest/py-modindex.html", "title": "Miscellaneous \u2014 SymPy 1.10.1 documentation"},
{"cleaned_name": "modules_utilities_memoization.html", "url": "https://docs.sympy.org/latest/modules/utilities/memoization.html", "size": "8592", "referer": "https://docs.sympy.org/latest/py-modindex.html", "title": "Memoization \u2014 SymPy 1.10.1 documentation"},
{"cleaned_name": "modules_utilities_lambdify.html", "url": "https://docs.sympy.org/latest/modules/utilities/lambdify.html", "size": "83454", "referer": "https://docs.sympy.org/latest/py-modindex.html", "title": "Lambdify \u2014 SymPy 1.10.1 documentation"},
{"cleaned_name": "modules_utilities_iterables.html", "url": "https://docs.sympy.org/latest/modules/utilities/iterables.html", "size": "218054", "referer": "https://docs.sympy.org/latest/py-modindex.html", "title": "Iterables \u2014 SymPy 1.10.1 documentation"},
{"cleaned_name": "modules_utilities_exceptions.html", "url": "https://docs.sympy.org/latest/modules/utilities/exceptions.html", "size": "27299", "referer": "https://docs.sympy.org/latest/py-modindex.html", "title": "Exceptions and Warnings \u2014 SymPy 1.10.1 documentation"},
{"cleaned_name": "modules_utilities_enumerative.html", "url": "https://docs.sympy.org/latest/modules/utilities/enumerative.html", "size": "43434", "referer": "https://docs.sympy.org/latest/py-modindex.html", "title": "Enumerative \u2014 SymPy 1.10.1 documentation"},
{"cleaned_name": "modules_physics_vector_fields.html", "url": "https://docs.sympy.org/latest/modules/physics/vector/fields.html", "size": "51230", "referer": "https://docs.sympy.org/latest/modules/physics/vector/api/classes.html", "title": "Scalar and Vector Field Functionality \u2014 SymPy 1.10.1 documentation"},
{"cleaned_name": "modules_utilities_decorator.html", "url": "https://docs.sympy.org/latest/modules/utilities/decorator.html", "size": "30747", "referer": "https://docs.sympy.org/latest/py-modindex.html", "title": "Decorator \u2014 SymPy 1.10.1 documentation"},
{"cleaned_name": "modules_utilities_codegen.html", "url": "https://docs.sympy.org/latest/modules/utilities/codegen.html", "size": "87665", "referer": "https://docs.sympy.org/latest/py-modindex.html", "title": "Codegen \u2014 SymPy 1.10.1 documentation"},
{"cleaned_name": "modules_utilities_autowrap.html", "url": "https://docs.sympy.org/latest/modules/utilities/autowrap.html", "size": "51885", "referer": "https://docs.sympy.org/latest/py-modindex.html", "title": "Autowrap Module \u2014 SymPy 1.10.1 documentation"},
{"cleaned_name": "modules_utilities_index.html", "url": "https://docs.sympy.org/latest/modules/utilities/index.html", "size": "8698", "referer": "https://docs.sympy.org/latest/py-modindex.html", "title": "Utilities \u2014 SymPy 1.10.1 documentation"},
{"cleaned_name": "modules_testing_runtests.html", "url": "https://docs.sympy.org/latest/modules/testing/runtests.html", "size": "62349", "referer": "https://docs.sympy.org/latest/py-modindex.html", "title": "Run Tests \u2014 SymPy 1.10.1 documentation"},
{"cleaned_name": "modules_testing_randtest.html", "url": "https://docs.sympy.org/latest/modules/testing/randtest.html", "size": "7068", "referer": "https://docs.sympy.org/latest/py-modindex.html", "title": "Randomised Testing \u2014 SymPy 1.10.1 documentation"},
{"cleaned_name": "modules_testing_pytest.html", "url": "https://docs.sympy.org/latest/modules/testing/pytest.html", "size": "24521", "referer": "https://docs.sympy.org/latest/py-modindex.html", "title": "pytest \u2014 SymPy 1.10.1 documentation"},
{"cleaned_name": "modules_testing_index.html", "url": "https://docs.sympy.org/latest/modules/testing/index.html", "size": "6932", "referer": "https://docs.sympy.org/latest/py-modindex.html", "title": "Testing \u2014 SymPy 1.10.1 documentation"},
{"cleaned_name": "modules_tensor_toperators.html", "url": "https://docs.sympy.org/latest/modules/tensor/toperators.html", "size": "10980", "referer": "https://docs.sympy.org/latest/py-modindex.html", "title": "Tensor Operators \u2014 SymPy 1.10.1 documentation"},
{"cleaned_name": "modules_tensor_tensor.html", "url": "https://docs.sympy.org/latest/modules/tensor/tensor.html", "size": "124017", "referer": "https://docs.sympy.org/latest/py-modindex.html", "title": "Tensor \u2014 SymPy 1.10.1 documentation"},
{"cleaned_name": "modules_tensor_indexed.html", "url": "https://docs.sympy.org/latest/modules/tensor/indexed.html", "size": "63330", "referer": "https://docs.sympy.org/latest/py-modindex.html", "title": "Indexed Objects \u2014 SymPy 1.10.1 documentation"},
{"cleaned_name": "modules_tensor_index_methods.html", "url": "https://docs.sympy.org/latest/modules/tensor/index_methods.html", "size": "26359", "referer": "https://docs.sympy.org/latest/py-modindex.html", "title": "Methods \u2014 SymPy 1.10.1 documentation"},
{"cleaned_name": "modules_tensor_array_expressions.html", "url": "https://docs.sympy.org/latest/modules/tensor/array_expressions.html", "size": "26956", "referer": "https://docs.sympy.org/latest/py-modindex.html", "title": "N-dim array expressions \u2014 SymPy 1.10.1 documentation"},
{"cleaned_name": "modules_tensor_array.html", "url": "https://docs.sympy.org/latest/modules/tensor/array.html", "size": "64098", "referer": "https://docs.sympy.org/latest/py-modindex.html", "title": "N-dim array \u2014 SymPy 1.10.1 documentation"},
{"cleaned_name": "modules_tensor_index.html", "url": "https://docs.sympy.org/latest/modules/tensor/index.html", "size": "8904", "referer": "https://docs.sympy.org/latest/py-modindex.html", "title": "Tensor \u2014 SymPy 1.10.1 documentation"},
{"cleaned_name": "modules_stats.html", "url": "https://docs.sympy.org/latest/modules/stats.html", "size": "749134", "referer": "https://docs.sympy.org/latest/py-modindex.html", "title": "Stats \u2014 SymPy 1.10.1 documentation"},
{"cleaned_name": "modules_physics_vector_advanced.html", "url": "https://docs.sympy.org/latest/modules/physics/vector/advanced.html", "size": "25104", "referer": "https://docs.sympy.org/latest/modules/physics/vector/fields.html", "title": "Potential Issues/Advanced Topics/Future Features in Physics/Vector Module \u2014 SymPy 1.10.1 documentation"},
{"cleaned_name": "modules_solvers_solveset.html", "url": "https://docs.sympy.org/latest/modules/solvers/solveset.html", "size": "181800", "referer": "https://docs.sympy.org/latest/py-modindex.html", "title": "Solveset \u2014 SymPy 1.10.1 documentation"},
{"cleaned_name": "modules_solvers_pde.html", "url": "https://docs.sympy.org/latest/modules/solvers/pde.html", "size": "74033", "referer": "https://docs.sympy.org/latest/py-modindex.html", "title": "PDE \u2014 SymPy 1.10.1 documentation"},
{"cleaned_name": "modules_solvers_ode.html", "url": "https://docs.sympy.org/latest/modules/solvers/ode.html", "size": "503223", "referer": "https://docs.sympy.org/latest/py-modindex.html", "title": "ODE \u2014 SymPy 1.10.1 documentation"},
{"cleaned_name": "modules_solvers_inequalities.html", "url": "https://docs.sympy.org/latest/modules/solvers/inequalities.html", "size": "38831", "referer": "https://docs.sympy.org/latest/py-modindex.html", "title": "Inequality Solvers \u2014 SymPy 1.10.1 documentation"},
{"cleaned_name": "modules_solvers_solvers.html", "url": "https://docs.sympy.org/latest/modules/solvers/solvers.html", "size": "162890", "referer": "https://docs.sympy.org/latest/py-modindex.html", "title": "Solvers \u2014 SymPy 1.10.1 documentation"},
{"cleaned_name": "modules_simplify_hyperexpand.html", "url": "https://docs.sympy.org/latest/modules/simplify/hyperexpand.html", "size": "76831", "referer": "https://docs.sympy.org/latest/py-modindex.html", "title": "Hypergeometric Expansion \u2014 SymPy 1.10.1 documentation"},
{"cleaned_name": "modules_simplify_simplify.html", "url": "https://docs.sympy.org/latest/modules/simplify/simplify.html", "size": "221468", "referer": "https://docs.sympy.org/latest/py-modindex.html", "title": "Simplify \u2014 SymPy 1.10.1 documentation"},
{"cleaned_name": "modules_sets.html", "url": "https://docs.sympy.org/latest/modules/sets.html", "size": "205975", "referer": "https://docs.sympy.org/latest/py-modindex.html", "title": "Sets \u2014 SymPy 1.10.1 documentation"},
{"cleaned_name": "modules_printing.html", "url": "https://docs.sympy.org/latest/modules/printing.html", "size": "471179", "referer": "https://docs.sympy.org/latest/py-modindex.html", "title": "Printing \u2014 SymPy 1.10.1 documentation"},
{"cleaned_name": "modules_polys_solvers.html", "url": "https://docs.sympy.org/latest/modules/polys/solvers.html", "size": "36454", "referer": "https://docs.sympy.org/latest/py-modindex.html", "title": "Poly solvers \u2014 SymPy 1.10.1 documentation"},
{"cleaned_name": "modules_polys_internals.html", "url": "https://docs.sympy.org/latest/modules/polys/internals.html", "size": "758246", "referer": "https://docs.sympy.org/latest/py-modindex.html", "title": "Internals of the Polynomial Manipulation Module \u2014 SymPy 1.10.1 documentation"},
{"cleaned_name": "modules_polys_numberfields.html", "url": "https://docs.sympy.org/latest/modules/polys/numberfields.html", "size": "314387", "referer": "https://docs.sympy.org/latest/py-modindex.html", "title": "Number Fields \u2014 SymPy 1.10.1 documentation"},
{"cleaned_name": "modules_polys_reference.html", "url": "https://docs.sympy.org/latest/modules/polys/reference.html", "size": "758872", "referer": "https://docs.sympy.org/latest/py-modindex.html", "title": "Polynomials Manipulation Module Reference \u2014 SymPy 1.10.1 documentation"},
{"cleaned_name": "modules_plotting.html", "url": "https://docs.sympy.org/latest/modules/plotting.html", "size": "170293", "referer": "https://docs.sympy.org/latest/py-modindex.html", "title": "Plotting \u2014 SymPy 1.10.1 documentation"},
{"cleaned_name": "modules_physics_wigner.html", "url": "https://docs.sympy.org/latest/modules/physics/wigner.html", "size": "70777", "referer": "https://docs.sympy.org/latest/py-modindex.html", "title": "Wigner Symbols \u2014 SymPy 1.10.1 documentation"},
{"cleaned_name": "miscellaneous_index.html", "url": "https://docs.sympy.org/latest/miscellaneous/index.html", "size": "7114", "referer": "https://docs.sympy.org/latest/modules/stats.html", "title": "Miscellaneous \u2014 SymPy 1.10.1 documentation"},
{"cleaned_name": "modules_physics_vector_api_kinematics.html", "url": "https://docs.sympy.org/latest/modules/physics/vector/api/kinematics.html", "size": "77388", "referer": "https://docs.sympy.org/latest/py-modindex.html", "title": "Kinematics (Docstrings) \u2014 SymPy 1.10.1 documentation"},
{"cleaned_name": "modules_physics_vector_kinematics.html", "url": "https://docs.sympy.org/latest/modules/physics/vector/kinematics.html", "size": "54198", "referer": "https://docs.sympy.org/latest/modules/physics/vector/advanced.html", "title": "Vector: Kinematics \u2014 SymPy 1.10.1 documentation"},
{"cleaned_name": "modules_physics_vector_index.html", "url": "https://docs.sympy.org/latest/modules/physics/vector/index.html", "size": "14247", "referer": "https://docs.sympy.org/latest/py-modindex.html", "title": "The Physics Vector Module \u2014 SymPy 1.10.1 documentation"},
{"cleaned_name": "modules_physics_units_unitsystem.html", "url": "https://docs.sympy.org/latest/modules/physics/units/unitsystem.html", "size": "11540", "referer": "https://docs.sympy.org/latest/py-modindex.html", "title": "Units and unit systems \u2014 SymPy 1.10.1 documentation"},
{"cleaned_name": "modules_physics_units_quantities.html", "url": "https://docs.sympy.org/latest/modules/physics/units/quantities.html", "size": "21582", "referer": "https://docs.sympy.org/latest/py-modindex.html", "title": "Physical quantities \u2014 SymPy 1.10.1 documentation"},
{"cleaned_name": "modules_physics_units_prefixes.html", "url": "https://docs.sympy.org/latest/modules/physics/units/prefixes.html", "size": "9053", "referer": "https://docs.sympy.org/latest/py-modindex.html", "title": "Unit prefixes \u2014 SymPy 1.10.1 documentation"},
{"cleaned_name": "modules_physics_units_dimensions.html", "url": "https://docs.sympy.org/latest/modules/physics/units/dimensions.html", "size": "21800", "referer": "https://docs.sympy.org/latest/py-modindex.html", "title": "Dimensions and dimension systems \u2014 SymPy 1.10.1 documentation"},
{"cleaned_name": "modules_physics_sho.html", "url": "https://docs.sympy.org/latest/modules/physics/sho.html", "size": "16706", "referer": "https://docs.sympy.org/latest/py-modindex.html", "title": "Quantum Harmonic Oscillator in 3-D \u2014 SymPy 1.10.1 documentation"},
{"cleaned_name": "modules_physics_secondquant.html", "url": "https://docs.sympy.org/latest/modules/physics/secondquant.html", "size": "196687", "referer": "https://docs.sympy.org/latest/py-modindex.html", "title": "Second Quantization \u2014 SymPy 1.10.1 documentation"},
{"cleaned_name": "modules_physics_quantum_tensorproduct.html", "url": "https://docs.sympy.org/latest/modules/physics/quantum/tensorproduct.html", "size": "19166", "referer": "https://docs.sympy.org/latest/py-modindex.html", "title": "Tensor Product \u2014 SymPy 1.10.1 documentation"},
{"cleaned_name": "modules_physics_quantum_state.html", "url": "https://docs.sympy.org/latest/modules/physics/quantum/state.html", "size": "70940", "referer": "https://docs.sympy.org/latest/py-modindex.html", "title": "State \u2014 SymPy 1.10.1 documentation"},
{"cleaned_name": "modules_physics_quantum_spin.html", "url": "https://docs.sympy.org/latest/modules/physics/quantum/spin.html", "size": "87604", "referer": "https://docs.sympy.org/latest/py-modindex.html", "title": "Spin \u2014 SymPy 1.10.1 documentation"},
{"cleaned_name": "modules_physics_quantum_shor.html", "url": "https://docs.sympy.org/latest/modules/physics/quantum/shor.html", "size": "11957", "referer": "https://docs.sympy.org/latest/py-modindex.html", "title": "Shor\u2019s Algorithm \u2014 SymPy 1.10.1 documentation"},
{"cleaned_name": "modules_physics_quantum_represent.html", "url": "https://docs.sympy.org/latest/modules/physics/quantum/represent.html", "size": "34104", "referer": "https://docs.sympy.org/latest/py-modindex.html", "title": "Represent \u2014 SymPy 1.10.1 documentation"},
{"cleaned_name": "modules_physics_quantum_qubit.html", "url": "https://docs.sympy.org/latest/modules/physics/quantum/qubit.html", "size": "38672", "referer": "https://docs.sympy.org/latest/py-modindex.html", "title": "Qubit \u2014 SymPy 1.10.1 documentation"},
{"cleaned_name": "modules_physics_quantum_qft.html", "url": "https://docs.sympy.org/latest/modules/physics/quantum/qft.html", "size": "12376", "referer": "https://docs.sympy.org/latest/py-modindex.html", "title": "QFT \u2014 SymPy 1.10.1 documentation"},
{"cleaned_name": "outreach.html", "url": "https://docs.sympy.org/latest/outreach.html", "size": "7393", "referer": "https://docs.sympy.org/latest/miscellaneous/index.html", "title": "SymPy Papers \u2014 SymPy 1.10.1 documentation"},
{"cleaned_name": "wiki.html", "url": "https://docs.sympy.org/latest/wiki.html", "size": "6612", "referer": "https://docs.sympy.org/latest/miscellaneous/index.html", "title": "Wiki \u2014 SymPy 1.10.1 documentation"},
{"cleaned_name": "modules_physics_vector_vectors.html", "url": "https://docs.sympy.org/latest/modules/physics/vector/vectors.html", "size": "71716", "referer": "https://docs.sympy.org/latest/modules/physics/vector/kinematics.html", "title": "Vector & ReferenceFrame \u2014 SymPy 1.10.1 documentation"},
{"cleaned_name": "citing.html", "url": "https://docs.sympy.org/latest/citing.html", "size": "8598", "referer": "https://docs.sympy.org/latest/miscellaneous/index.html", "title": "Citing SymPy \u2014 SymPy 1.10.1 documentation"},
{"cleaned_name": "aboutus.html", "url": "https://docs.sympy.org/latest/aboutus.html", "size": "104408", "referer": "https://docs.sympy.org/latest/miscellaneous/index.html", "title": "About \u2014 SymPy 1.10.1 documentation"},
{"cleaned_name": "modules_physics_quantum_qapply.html", "url": "https://docs.sympy.org/latest/modules/physics/quantum/qapply.html", "size": "11633", "referer": "https://docs.sympy.org/latest/py-modindex.html", "title": "Qapply \u2014 SymPy 1.10.1 documentation"},
{"cleaned_name": "modules_physics_quantum_piab.html", "url": "https://docs.sympy.org/latest/modules/physics/quantum/piab.html", "size": "10053", "referer": "https://docs.sympy.org/latest/py-modindex.html", "title": "Particle in a Box \u2014 SymPy 1.10.1 documentation"},
{"cleaned_name": "modules_physics_quantum_operatorset.html", "url": "https://docs.sympy.org/latest/modules/physics/quantum/operatorset.html", "size": "16478", "referer": "https://docs.sympy.org/latest/py-modindex.html", "title": "Operator/State Helper Functions \u2014 SymPy 1.10.1 documentation"},
{"cleaned_name": "modules_physics_quantum_operator.html", "url": "https://docs.sympy.org/latest/modules/physics/quantum/operator.html", "size": "42806", "referer": "https://docs.sympy.org/latest/py-modindex.html", "title": "Operator \u2014 SymPy 1.10.1 documentation"},
{"cleaned_name": "modules_physics_quantum_innerproduct.html", "url": "https://docs.sympy.org/latest/modules/physics/quantum/innerproduct.html", "size": "11440", "referer": "https://docs.sympy.org/latest/py-modindex.html", "title": "Inner Product \u2014 SymPy 1.10.1 documentation"},
{"cleaned_name": "modules_physics_quantum_hilbert.html", "url": "https://docs.sympy.org/latest/modules/physics/quantum/hilbert.html", "size": "32243", "referer": "https://docs.sympy.org/latest/py-modindex.html", "title": "Hilbert Space \u2014 SymPy 1.10.1 documentation"},
{"cleaned_name": "modules_physics_quantum_grover.html", "url": "https://docs.sympy.org/latest/modules/physics/quantum/grover.html", "size": "22230", "referer": "https://docs.sympy.org/latest/py-modindex.html", "title": "Grover\u2019s Algorithm \u2014 SymPy 1.10.1 documentation"},
{"cleaned_name": "modules_physics_quantum_gate.html", "url": "https://docs.sympy.org/latest/modules/physics/quantum/gate.html", "size": "57167", "referer": "https://docs.sympy.org/latest/py-modindex.html", "title": "Gates \u2014 SymPy 1.10.1 documentation"},
{"cleaned_name": "modules_physics_quantum_dagger.html", "url": "https://docs.sympy.org/latest/modules/physics/quantum/dagger.html", "size": "13948", "referer": "https://docs.sympy.org/latest/py-modindex.html", "title": "Dagger \u2014 SymPy 1.10.1 documentation"},
{"cleaned_name": "modules_physics_quantum_constants.html", "url": "https://docs.sympy.org/latest/modules/physics/quantum/constants.html", "size": "8491", "referer": "https://docs.sympy.org/latest/py-modindex.html", "title": "Constants \u2014 SymPy 1.10.1 documentation"},
{"cleaned_name": "modules_physics_quantum_commutator.html", "url": "https://docs.sympy.org/latest/modules/physics/quantum/commutator.html", "size": "16438", "referer": "https://docs.sympy.org/latest/py-modindex.html", "title": "Commutator \u2014 SymPy 1.10.1 documentation"},
{"cleaned_name": "modules_physics_quantum_circuitplot.html", "url": "https://docs.sympy.org/latest/modules/physics/quantum/circuitplot.html", "size": "21680", "referer": "https://docs.sympy.org/latest/py-modindex.html", "title": "Circuit Plot \u2014 SymPy 1.10.1 documentation"},
{"cleaned_name": "modules_physics_quantum_cg.html", "url": "https://docs.sympy.org/latest/modules/physics/quantum/cg.html", "size": "24659", "referer": "https://docs.sympy.org/latest/py-modindex.html", "title": "Clebsch-Gordan Coefficients \u2014 SymPy 1.10.1 documentation"},
{"cleaned_name": "modules_physics_quantum_cartesian.html", "url": "https://docs.sympy.org/latest/modules/physics/quantum/cartesian.html", "size": "22248", "referer": "https://docs.sympy.org/latest/py-modindex.html", "title": "Cartesian Operators and States \u2014 SymPy 1.10.1 documentation"},
{"cleaned_name": "modules_physics_mechanics_reference.html", "url": "https://docs.sympy.org/latest/modules/physics/mechanics/reference.html", "size": "8190", "referer": "https://docs.sympy.org/latest/modules/physics/vector/vectors.html", "title": "References for Physics/Mechanics \u2014 SymPy 1.10.1 documentation"},
{"cleaned_name": "modules_physics_quantum_anticommutator.html", "url": "https://docs.sympy.org/latest/modules/physics/quantum/anticommutator.html", "size": "14702", "referer": "https://docs.sympy.org/latest/py-modindex.html", "title": "Anticommutator \u2014 SymPy 1.10.1 documentation"},
{"cleaned_name": "modules_physics_qho_1d.html", "url": "https://docs.sympy.org/latest/modules/physics/qho_1d.html", "size": "12965", "referer": "https://docs.sympy.org/latest/py-modindex.html", "title": "Quantum Harmonic Oscillator in 1-D \u2014 SymPy 1.10.1 documentation"},
{"cleaned_name": "modules_physics_paulialgebra.html", "url": "https://docs.sympy.org/latest/modules/physics/paulialgebra.html", "size": "10170", "referer": "https://docs.sympy.org/latest/py-modindex.html", "title": "Pauli Algebra \u2014 SymPy 1.10.1 documentation"},
{"cleaned_name": "modules_physics_optics_waves.html", "url": "https://docs.sympy.org/latest/modules/physics/optics/waves.html", "size": "27445", "referer": "https://docs.sympy.org/latest/py-modindex.html", "title": "Waves \u2014 SymPy 1.10.1 documentation"},
{"cleaned_name": "modules_physics_optics_utils.html", "url": "https://docs.sympy.org/latest/modules/physics/optics/utils.html", "size": "46122", "referer": "https://docs.sympy.org/latest/py-modindex.html", "title": "Utilities \u2014 SymPy 1.10.1 documentation"},
{"cleaned_name": "modules_physics_optics_polarization.html", "url": "https://docs.sympy.org/latest/modules/physics/optics/polarization.html", "size": "61256", "referer": "https://docs.sympy.org/latest/py-modindex.html", "title": "Polarization \u2014 SymPy 1.10.1 documentation"},
{"cleaned_name": "modules_physics_optics_medium.html", "url": "https://docs.sympy.org/latest/modules/physics/optics/medium.html", "size": "13846", "referer": "https://docs.sympy.org/latest/py-modindex.html", "title": "Medium \u2014 SymPy 1.10.1 documentation"},
{"cleaned_name": "modules_physics_optics_gaussopt.html", "url": "https://docs.sympy.org/latest/modules/physics/optics/gaussopt.html", "size": "79519", "referer": "https://docs.sympy.org/latest/py-modindex.html", "title": "Gaussian Optics \u2014 SymPy 1.10.1 documentation"},
{"cleaned_name": "modules_physics_mechanics_api_system.html", "url": "https://docs.sympy.org/latest/modules/physics/mechanics/api/system.html", "size": "31230", "referer": "https://docs.sympy.org/latest/py-modindex.html", "title": "SymbolicSystem (Docstrings) \u2014 SymPy 1.10.1 documentation"},
{"cleaned_name": "modules_physics_mechanics_api_part_bod.html", "url": "https://docs.sympy.org/latest/modules/physics/mechanics/api/part_bod.html", "size": "96446", "referer": "https://docs.sympy.org/latest/py-modindex.html", "title": "Masses, Inertias & Particles, RigidBodys (Docstrings) \u2014 SymPy 1.10.1 documentation"},
{"cleaned_name": "modules_physics_mechanics_api_linearize.html", "url": "https://docs.sympy.org/latest/modules/physics/mechanics/api/linearize.html", "size": "14412", "referer": "https://docs.sympy.org/latest/py-modindex.html", "title": "Linearization (Docstrings) \u2014 SymPy 1.10.1 documentation"},
{"cleaned_name": "modules_physics_mechanics_api_kane_lagrange.html", "url": "https://docs.sympy.org/latest/modules/physics/mechanics/api/kane_lagrange.html", "size": "53443", "referer": "https://docs.sympy.org/latest/py-modindex.html", "title": "Kane\u2019s Method & Lagrange\u2019s Method (Docstrings) \u2014 SymPy 1.10.1 documentation"},
{"cleaned_name": "modules_physics_mechanics_api_joint.html", "url": "https://docs.sympy.org/latest/modules/physics/mechanics/api/joint.html", "size": "57953", "referer": "https://docs.sympy.org/latest/py-modindex.html", "title": "Joint (Docstrings) \u2014 SymPy 1.10.1 documentation"},
{"cleaned_name": "modules_physics_mechanics_api_body.html", "url": "https://docs.sympy.org/latest/modules/physics/mechanics/api/body.html", "size": "55544", "referer": "https://docs.sympy.org/latest/py-modindex.html", "title": "Body (Docstrings) \u2014 SymPy 1.10.1 documentation"},
{"cleaned_name": "modules_physics_mechanics_index.html", "url": "https://docs.sympy.org/latest/modules/physics/mechanics/index.html", "size": "23048", "referer": "https://docs.sympy.org/latest/py-modindex.html", "title": "Classical Mechanics \u2014 SymPy 1.10.1 documentation"},
{"cleaned_name": "modules_physics_matrices.html", "url": "https://docs.sympy.org/latest/modules/physics/matrices.html", "size": "14490", "referer": "https://docs.sympy.org/latest/py-modindex.html", "title": "Matrices \u2014 SymPy 1.10.1 documentation"},
{"cleaned_name": "modules_physics_mechanics_advanced.html", "url": "https://docs.sympy.org/latest/modules/physics/mechanics/advanced.html", "size": "19571", "referer": "https://docs.sympy.org/latest/modules/physics/mechanics/reference.html", "title": "Potential Issues/Advanced Topics/Future Features in Physics/Mechanics \u2014 SymPy 1.10.1 documentation"},
{"cleaned_name": "modules_physics_mechanics_autolev_parser.html", "url": "https://docs.sympy.org/latest/modules/physics/mechanics/autolev_parser.html", "size": "48522", "referer": "https://docs.sympy.org/latest/modules/physics/mechanics/reference.html", "title": "Autolev Parser \u2014 SymPy 1.10.1 documentation"},
{"cleaned_name": "modules_physics_hydrogen.html", "url": "https://docs.sympy.org/latest/modules/physics/hydrogen.html", "size": "34274", "referer": "https://docs.sympy.org/latest/py-modindex.html", "title": "Hydrogen Wavefunctions \u2014 SymPy 1.10.1 documentation"},
{"cleaned_name": "modules_physics_hep_index.html", "url": "https://docs.sympy.org/latest/modules/physics/hep/index.html", "size": "27750", "referer": "https://docs.sympy.org/latest/py-modindex.html", "title": "High energy physics \u2014 SymPy 1.10.1 documentation"},
{"cleaned_name": "modules_physics_control_lti.html", "url": "https://docs.sympy.org/latest/modules/physics/control/lti.html", "size": "323534", "referer": "https://docs.sympy.org/latest/py-modindex.html", "title": "Control API \u2014 SymPy 1.10.1 documentation"},
{"cleaned_name": "modules_physics_control_index.html", "url": "https://docs.sympy.org/latest/modules/physics/control/index.html", "size": "7735", "referer": "https://docs.sympy.org/latest/py-modindex.html", "title": "Control Module \u2014 SymPy 1.10.1 documentation"},
{"cleaned_name": "modules_physics_continuum_mechanics_beam.html", "url": "https://docs.sympy.org/latest/modules/physics/continuum_mechanics/beam.html", "size": "283785", "referer": "https://docs.sympy.org/latest/py-modindex.html", "title": "Beam (Docstrings) \u2014 SymPy 1.10.1 documentation"},
{"cleaned_name": "modules_parsing.html", "url": "https://docs.sympy.org/latest/modules/parsing.html", "size": "82897", "referer": "https://docs.sympy.org/latest/py-modindex.html", "title": "Parsing \u2014 SymPy 1.10.1 documentation"},
{"cleaned_name": "modules_ntheory.html", "url": "https://docs.sympy.org/latest/modules/ntheory.html", "size": "369297", "referer": "https://docs.sympy.org/latest/py-modindex.html", "title": "Ntheory Class Reference \u2014 SymPy 1.10.1 documentation"},
{"cleaned_name": "modules_matrices_sparsetools.html", "url": "https://docs.sympy.org/latest/modules/matrices/sparsetools.html", "size": "23452", "referer": "https://docs.sympy.org/latest/py-modindex.html", "title": "Sparse Tools \u2014 SymPy 1.10.1 documentation"},
{"cleaned_name": "modules_physics_mechanics_sympy_mechanics_for_autolev_users.html", "url": "https://docs.sympy.org/latest/modules/physics/mechanics/sympy_mechanics_for_autolev_users.html", "size": "71676", "referer": "https://docs.sympy.org/latest/modules/physics/mechanics/api/part_bod.html", "title": "SymPy Mechanics for Autolev Users \u2014 SymPy 1.10.1 documentation"},
{"cleaned_name": "modules_matrices_sparse.html", "url": "https://docs.sympy.org/latest/modules/matrices/sparse.html", "size": "12115", "referer": "https://docs.sympy.org/latest/py-modindex.html", "title": "Sparse Matrices \u2014 SymPy 1.10.1 documentation"},
{"cleaned_name": "modules_matrices_immutablematrices.html", "url": "https://docs.sympy.org/latest/modules/matrices/immutablematrices.html", "size": "15035", "referer": "https://docs.sympy.org/latest/py-modindex.html", "title": "Immutable Matrices \u2014 SymPy 1.10.1 documentation"},
{"cleaned_name": "modules_matrices_expressions.html", "url": "https://docs.sympy.org/latest/modules/matrices/expressions.html", "size": "130614", "referer": "https://docs.sympy.org/latest/py-modindex.html", "title": "Matrix Expressions \u2014 SymPy 1.10.1 documentation"},
{"cleaned_name": "modules_physics_mechanics_examples_multi_degree_freedom_holonomic_system.html", "url": "https://docs.sympy.org/latest/modules/physics/mechanics/examples/multi_degree_freedom_holonomic_system.html", "size": "26777", "referer": "https://docs.sympy.org/latest/modules/physics/mechanics/index.html", "title": "Multi Degree of Freedom Holonomic System \u2014 SymPy 1.10.1 documentation"},
{"cleaned_name": "modules_matrices_matrices.html", "url": "https://docs.sympy.org/latest/modules/matrices/matrices.html", "size": "597981", "referer": "https://docs.sympy.org/latest/py-modindex.html", "title": "Matrices (linear algebra) \u2014 SymPy 1.10.1 documentation"},
{"cleaned_name": "modules_physics_mechanics_examples_lin_pend_nonmin_example.html", "url": "https://docs.sympy.org/latest/modules/physics/mechanics/examples/lin_pend_nonmin_example.html", "size": "43308", "referer": "https://docs.sympy.org/latest/modules/physics/mechanics/index.html", "title": "Nonminimal Coordinates Pendulum \u2014 SymPy 1.10.1 documentation"},
{"cleaned_name": "modules_physics_mechanics_examples_bicycle_example.html", "url": "https://docs.sympy.org/latest/modules/physics/mechanics/examples/bicycle_example.html", "size": "65866", "referer": "https://docs.sympy.org/latest/modules/physics/mechanics/index.html", "title": "A bicycle \u2014 SymPy 1.10.1 documentation"},
{"cleaned_name": "modules_physics_mechanics_examples_rollingdisc_example.html", "url": "https://docs.sympy.org/latest/modules/physics/mechanics/examples/rollingdisc_example.html", "size": "8303", "referer": "https://docs.sympy.org/latest/modules/physics/mechanics/index.html", "title": "A rolling disc \u2014 SymPy 1.10.1 documentation"},
{"cleaned_name": "modules_physics_mechanics_examples.html", "url": "https://docs.sympy.org/latest/modules/physics/mechanics/examples.html", "size": "7899", "referer": "https://docs.sympy.org/latest/modules/physics/mechanics/index.html", "title": "Examples for Physics/Mechanics \u2014 SymPy 1.10.1 documentation"},
{"cleaned_name": "modules_physics_mechanics_linearize.html", "url": "https://docs.sympy.org/latest/modules/physics/mechanics/linearize.html", "size": "49474", "referer": "https://docs.sympy.org/latest/modules/physics/mechanics/index.html", "title": "Linearization in Physics/Mechanics \u2014 SymPy 1.10.1 documentation"},
{"cleaned_name": "modules_physics_mechanics_symsystem.html", "url": "https://docs.sympy.org/latest/modules/physics/mechanics/symsystem.html", "size": "26582", "referer": "https://docs.sympy.org/latest/modules/physics/mechanics/index.html", "title": "Symbolic Systems in Physics/Mechanics \u2014 SymPy 1.10.1 documentation"},
{"cleaned_name": "modules_physics_mechanics_lagrange.html", "url": "https://docs.sympy.org/latest/modules/physics/mechanics/lagrange.html", "size": "19970", "referer": "https://docs.sympy.org/latest/modules/physics/mechanics/index.html", "title": "Lagrange\u2019s Method in Physics/Mechanics \u2014 SymPy 1.10.1 documentation"},
{"cleaned_name": "modules_physics_mechanics_kane.html", "url": "https://docs.sympy.org/latest/modules/physics/mechanics/kane.html", "size": "28115", "referer": "https://docs.sympy.org/latest/modules/physics/mechanics/index.html", "title": "Kane\u2019s Method in Physics/Mechanics \u2014 SymPy 1.10.1 documentation"},
{"cleaned_name": "modules_physics_mechanics_masses.html", "url": "https://docs.sympy.org/latest/modules/physics/mechanics/masses.html", "size": "46014", "referer": "https://docs.sympy.org/latest/modules/physics/mechanics/index.html", "title": "Masses, Inertias, Particles and Rigid Bodies in Physics/Mechanics \u2014 SymPy 1.10.1 documentation"},
{"cleaned_name": "modules_matrices_common.html", "url": "https://docs.sympy.org/latest/modules/matrices/common.html", "size": "215566", "referer": "https://docs.sympy.org/latest/py-modindex.html", "title": "Common Matrices \u2014 SymPy 1.10.1 documentation"},
{"cleaned_name": "modules_matrices_index.html", "url": "https://docs.sympy.org/latest/modules/matrices/index.html", "size": "10627", "referer": "https://docs.sympy.org/latest/py-modindex.html", "title": "Matrices \u2014 SymPy 1.10.1 documentation"},
{"cleaned_name": "modules_logic.html", "url": "https://docs.sympy.org/latest/modules/logic.html", "size": "195153", "referer": "https://docs.sympy.org/latest/py-modindex.html", "title": "Logic \u2014 SymPy 1.10.1 documentation"},
{"cleaned_name": "modules_liealgebras_index.html", "url": "https://docs.sympy.org/latest/modules/liealgebras/index.html", "size": "112778", "referer": "https://docs.sympy.org/latest/py-modindex.html", "title": "Lie Algebra \u2014 SymPy 1.10.1 documentation"},
{"cleaned_name": "modules_interactive.html", "url": "https://docs.sympy.org/latest/modules/interactive.html", "size": "46417", "referer": "https://docs.sympy.org/latest/py-modindex.html", "title": "Interactive \u2014 SymPy 1.10.1 documentation"},
{"cleaned_name": "modules_integrals_g-functions.html", "url": "https://docs.sympy.org/latest/modules/integrals/g-functions.html", "size": "137854", "referer": "https://docs.sympy.org/latest/py-modindex.html", "title": "Computing Integrals using Meijer G-Functions \u2014 SymPy 1.10.1 documentation"},
{"cleaned_name": "modules_integrals_integrals.html", "url": "https://docs.sympy.org/latest/modules/integrals/integrals.html", "size": "369160", "referer": "https://docs.sympy.org/latest/py-modindex.html", "title": "Integrals \u2014 SymPy 1.10.1 documentation"},
{"cleaned_name": "modules_holonomic_index.html", "url": "https://docs.sympy.org/latest/modules/holonomic/index.html", "size": "10934", "referer": "https://docs.sympy.org/latest/py-modindex.html", "title": "Holonomic \u2014 SymPy 1.10.1 documentation"},
{"cleaned_name": "modules_geometry_utils.html", "url": "https://docs.sympy.org/latest/modules/geometry/utils.html", "size": "37523", "referer": "https://docs.sympy.org/latest/py-modindex.html", "title": "Utils \u2014 SymPy 1.10.1 documentation"},
{"cleaned_name": "modules_physics_mechanics_examples_rollingdisc_example_lagrange.html", "url": "https://docs.sympy.org/latest/modules/physics/mechanics/examples/rollingdisc_example_lagrange.html", "size": "18798", "referer": "https://docs.sympy.org/latest/modules/physics/mechanics/examples/bicycle_example.html", "title": "A rolling disc using Lagrange\u2019s Method \u2014 SymPy 1.10.1 documentation"},
{"cleaned_name": "modules_physics_mechanics_examples_rollingdisc_example_kane_constraints.html", "url": "https://docs.sympy.org/latest/modules/physics/mechanics/examples/rollingdisc_example_kane_constraints.html", "size": "24242", "referer": "https://docs.sympy.org/latest/modules/physics/mechanics/examples/rollingdisc_example.html", "title": "A rolling disc, with Kane\u2019s method and constraint forces \u2014 SymPy 1.10.1 documentation"},
{"cleaned_name": "modules_physics_mechanics_examples_rollingdisc_example_kane.html", "url": "https://docs.sympy.org/latest/modules/physics/mechanics/examples/rollingdisc_example_kane.html", "size": "21682", "referer": "https://docs.sympy.org/latest/modules/physics/mechanics/examples/rollingdisc_example.html", "title": "A rolling disc, with Kane\u2019s method \u2014 SymPy 1.10.1 documentation"},
{"cleaned_name": "modules_geometry_polygons.html", "url": "https://docs.sympy.org/latest/modules/geometry/polygons.html", "size": "206325", "referer": "https://docs.sympy.org/latest/py-modindex.html", "title": "Polygons \u2014 SymPy 1.10.1 documentation"},
{"cleaned_name": "modules_geometry_points.html", "url": "https://docs.sympy.org/latest/modules/geometry/points.html", "size": "99412", "referer": "https://docs.sympy.org/latest/py-modindex.html", "title": "Points \u2014 SymPy 1.10.1 documentation"},
{"cleaned_name": "modules_geometry_plane.html", "url": "https://docs.sympy.org/latest/modules/geometry/plane.html", "size": "74651", "referer": "https://docs.sympy.org/latest/py-modindex.html", "title": "Plane \u2014 SymPy 1.10.1 documentation"},
{"cleaned_name": "modules_geometry_lines.html", "url": "https://docs.sympy.org/latest/modules/geometry/lines.html", "size": "241268", "referer": "https://docs.sympy.org/latest/py-modindex.html", "title": "Lines \u2014 SymPy 1.10.1 documentation"},
{"cleaned_name": "modules_geometry_entities.html", "url": "https://docs.sympy.org/latest/modules/geometry/entities.html", "size": "32952", "referer": "https://docs.sympy.org/latest/py-modindex.html", "title": "Entities \u2014 SymPy 1.10.1 documentation"},
{"cleaned_name": "modules_geometry_ellipses.html", "url": "https://docs.sympy.org/latest/modules/geometry/ellipses.html", "size": "136089", "referer": "https://docs.sympy.org/latest/py-modindex.html", "title": "Ellipses \u2014 SymPy 1.10.1 documentation"},
{"cleaned_name": "modules_geometry_curves.html", "url": "https://docs.sympy.org/latest/modules/geometry/curves.html", "size": "38796", "referer": "https://docs.sympy.org/latest/py-modindex.html", "title": "Curves \u2014 SymPy 1.10.1 documentation"},
{"cleaned_name": "modules_functions_index.html", "url": "https://docs.sympy.org/latest/modules/functions/index.html", "size": "31015", "referer": "https://docs.sympy.org/latest/py-modindex.html", "title": "Functions \u2014 SymPy 1.10.1 documentation"},
{"cleaned_name": "modules_discrete.html", "url": "https://docs.sympy.org/latest/modules/discrete.html", "size": "93527", "referer": "https://docs.sympy.org/latest/py-modindex.html", "title": "Discrete \u2014 SymPy 1.10.1 documentation"},
{"cleaned_name": "modules_diffgeom.html", "url": "https://docs.sympy.org/latest/modules/diffgeom.html", "size": "146150", "referer": "https://docs.sympy.org/latest/py-modindex.html", "title": "Differential Geometry \u2014 SymPy 1.10.1 documentation"},
{"cleaned_name": "modules_crypto.html", "url": "https://docs.sympy.org/latest/modules/crypto.html", "size": "240573", "referer": "https://docs.sympy.org/latest/py-modindex.html", "title": "Cryptography \u2014 SymPy 1.10.1 documentation"},
{"cleaned_name": "modules_core.html", "url": "https://docs.sympy.org/latest/modules/core.html", "size": "1159495", "referer": "https://docs.sympy.org/latest/py-modindex.html", "title": "Core \u2014 SymPy 1.10.1 documentation"},
{"cleaned_name": "modules_combinatorics_util.html", "url": "https://docs.sympy.org/latest/modules/combinatorics/util.html", "size": "44133", "referer": "https://docs.sympy.org/latest/py-modindex.html", "title": "Utilities \u2014 SymPy 1.10.1 documentation"},
{"cleaned_name": "modules_combinatorics_testutil.html", "url": "https://docs.sympy.org/latest/modules/combinatorics/testutil.html", "size": "20165", "referer": "https://docs.sympy.org/latest/py-modindex.html", "title": "Test Utilities \u2014 SymPy 1.10.1 documentation"},
{"cleaned_name": "modules_combinatorics_tensor_can.html", "url": "https://docs.sympy.org/latest/modules/combinatorics/tensor_can.html", "size": "45011", "referer": "https://docs.sympy.org/latest/py-modindex.html", "title": "Tensor Canonicalization \u2014 SymPy 1.10.1 documentation"},
{"cleaned_name": "modules_combinatorics_subsets.html", "url": "https://docs.sympy.org/latest/modules/combinatorics/subsets.html", "size": "67493", "referer": "https://docs.sympy.org/latest/py-modindex.html", "title": "Subsets \u2014 SymPy 1.10.1 documentation"},
{"cleaned_name": "modules_functions_special.html", "url": "https://docs.sympy.org/latest/modules/functions/special.html", "size": "723793", "referer": "https://docs.sympy.org/latest/py-modindex.html", "title": "Special \u2014 SymPy 1.10.1 documentation"},
{"cleaned_name": "modules_combinatorics_prufer.html", "url": "https://docs.sympy.org/latest/modules/combinatorics/prufer.html", "size": "40158", "referer": "https://docs.sympy.org/latest/py-modindex.html", "title": "Prufer Sequences \u2014 SymPy 1.10.1 documentation"},
{"cleaned_name": "modules_combinatorics_polyhedron.html", "url": "https://docs.sympy.org/latest/modules/combinatorics/polyhedron.html", "size": "29145", "referer": "https://docs.sympy.org/latest/py-modindex.html", "title": "Polyhedron \u2014 SymPy 1.10.1 documentation"},
{"cleaned_name": "modules_combinatorics_perm_groups.html", "url": "https://docs.sympy.org/latest/modules/combinatorics/perm_groups.html", "size": "313798", "referer": "https://docs.sympy.org/latest/py-modindex.html", "title": "Permutation Groups \u2014 SymPy 1.10.1 documentation"},
{"cleaned_name": "modules_combinatorics_partitions.html", "url": "https://docs.sympy.org/latest/modules/combinatorics/partitions.html", "size": "43786", "referer": "https://docs.sympy.org/latest/py-modindex.html", "title": "Partitions \u2014 SymPy 1.10.1 documentation"},
{"cleaned_name": "modules_combinatorics_named_groups.html", "url": "https://docs.sympy.org/latest/modules/combinatorics/named_groups.html", "size": "27455", "referer": "https://docs.sympy.org/latest/py-modindex.html", "title": "Named Groups \u2014 SymPy 1.10.1 documentation"},
{"cleaned_name": "modules_combinatorics_group_constructs.html", "url": "https://docs.sympy.org/latest/modules/combinatorics/group_constructs.html", "size": "9695", "referer": "https://docs.sympy.org/latest/py-modindex.html", "title": "Group constructors \u2014 SymPy 1.10.1 documentation"},
{"cleaned_name": "modules_combinatorics_graycode.html", "url": "https://docs.sympy.org/latest/modules/combinatorics/graycode.html", "size": "36819", "referer": "https://docs.sympy.org/latest/py-modindex.html", "title": "Gray Code \u2014 SymPy 1.10.1 documentation"},
{"cleaned_name": "modules_codegen.html", "url": "https://docs.sympy.org/latest/modules/codegen.html", "size": "404046", "referer": "https://docs.sympy.org/latest/py-modindex.html", "title": "Introduction \u2014 SymPy 1.10.1 documentation"},
{"cleaned_name": "modules_combinatorics_permutations.html", "url": "https://docs.sympy.org/latest/modules/combinatorics/permutations.html", "size": "225467", "referer": "https://docs.sympy.org/latest/py-modindex.html", "title": "Permutations \u2014 SymPy 1.10.1 documentation"},
{"cleaned_name": "modules_categories.html", "url": "https://docs.sympy.org/latest/modules/categories.html", "size": "161216", "referer": "https://docs.sympy.org/latest/py-modindex.html", "title": "Category Theory \u2014 SymPy 1.10.1 documentation"},
{"cleaned_name": "modules_calculus_index.html", "url": "https://docs.sympy.org/latest/modules/calculus/index.html", "size": "138946", "referer": "https://docs.sympy.org/latest/py-modindex.html", "title": "Calculus \u2014 SymPy 1.10.1 documentation"},
{"cleaned_name": "modules_assumptions_refine.html", "url": "https://docs.sympy.org/latest/modules/assumptions/refine.html", "size": "39918", "referer": "https://docs.sympy.org/latest/py-modindex.html", "title": "Refine \u2014 SymPy 1.10.1 documentation"},
{"cleaned_name": "modules_assumptions_predicates.html", "url": "https://docs.sympy.org/latest/modules/assumptions/predicates.html", "size": "191656", "referer": "https://docs.sympy.org/latest/py-modindex.html", "title": "Predicates \u2014 SymPy 1.10.1 documentation"},
{"cleaned_name": "modules_assumptions_assume.html", "url": "https://docs.sympy.org/latest/modules/assumptions/assume.html", "size": "36273", "referer": "https://docs.sympy.org/latest/py-modindex.html", "title": "Assume \u2014 SymPy 1.10.1 documentation"},
{"cleaned_name": "modules_assumptions_ask.html", "url": "https://docs.sympy.org/latest/modules/assumptions/ask.html", "size": "19424", "referer": "https://docs.sympy.org/latest/py-modindex.html", "title": "Ask \u2014 SymPy 1.10.1 documentation"},
{"cleaned_name": "modules_assumptions_index.html", "url": "https://docs.sympy.org/latest/modules/assumptions/index.html", "size": "43562", "referer": "https://docs.sympy.org/latest/py-modindex.html", "title": "Assumptions \u2014 SymPy 1.10.1 documentation"},
{"cleaned_name": "modules_algebras.html", "url": "https://docs.sympy.org/latest/modules/algebras.html", "size": "50062", "referer": "https://docs.sympy.org/latest/py-modindex.html", "title": "Algebras \u2014 SymPy 1.10.1 documentation"},
{"cleaned_name": "modules_abc.html", "url": "https://docs.sympy.org/latest/modules/abc.html", "size": "12256", "referer": "https://docs.sympy.org/latest/py-modindex.html", "title": "abc \u2014 SymPy 1.10.1 documentation"},
{"cleaned_name": "tutorial_solvers.html", "url": "https://docs.sympy.org/latest/tutorial/solvers.html", "size": "38983", "referer": "https://docs.sympy.org/latest/tutorial/index.html", "title": "Solvers \u2014 SymPy 1.10.1 documentation"},
{"cleaned_name": "tutorial_calculus.html", "url": "https://docs.sympy.org/latest/tutorial/calculus.html", "size": "48887", "referer": "https://docs.sympy.org/latest/tutorial/index.html", "title": "Calculus \u2014 SymPy 1.10.1 documentation"},
{"cleaned_name": "tutorial_simplification.html", "url": "https://docs.sympy.org/latest/tutorial/simplification.html", "size": "100672", "referer": "https://docs.sympy.org/latest/tutorial/index.html", "title": "Simplification \u2014 SymPy 1.10.1 documentation"},
{"cleaned_name": "tutorial_printing.html", "url": "https://docs.sympy.org/latest/tutorial/printing.html", "size": "30617", "referer": "https://docs.sympy.org/latest/tutorial/index.html", "title": "Printing \u2014 SymPy 1.10.1 documentation"},
{"cleaned_name": "tutorial_basic_operations.html", "url": "https://docs.sympy.org/latest/tutorial/basic_operations.html", "size": "31478", "referer": "https://docs.sympy.org/latest/tutorial/index.html", "title": "Basic Operations \u2014 SymPy 1.10.1 documentation"},
{"cleaned_name": "tutorial_features.html", "url": "https://docs.sympy.org/latest/tutorial/features.html", "size": "11104", "referer": "https://docs.sympy.org/latest/tutorial/index.html", "title": "SymPy Features \u2014 SymPy 1.10.1 documentation"},
{"cleaned_name": "tutorial_gotchas.html", "url": "https://docs.sympy.org/latest/tutorial/gotchas.html", "size": "37851", "referer": "https://docs.sympy.org/latest/tutorial/index.html", "title": "Gotchas \u2014 SymPy 1.10.1 documentation"},
{"cleaned_name": "tutorial_intro.html", "url": "https://docs.sympy.org/latest/tutorial/intro.html", "size": "27979", "referer": "https://docs.sympy.org/latest/tutorial/index.html", "title": "Introduction \u2014 SymPy 1.10.1 documentation"},
{"cleaned_name": "tutorial_preliminaries.html", "url": "https://docs.sympy.org/latest/tutorial/preliminaries.html", "size": "11584", "referer": "https://docs.sympy.org/latest/tutorial/index.html", "title": "Preliminaries \u2014 SymPy 1.10.1 documentation"},
{"cleaned_name": "guides_contributing_make-a-contribution.html", "url": "https://docs.sympy.org/latest/guides/contributing/make-a-contribution.html", "size": "6839", "referer": "https://docs.sympy.org/latest/guides/index.html", "title": "Making a Contribution \u2014 SymPy 1.10.1 documentation"},
{"cleaned_name": "guides_contributing_documentation-style-guide.html", "url": "https://docs.sympy.org/latest/guides/contributing/documentation-style-guide.html", "size": "37584", "referer": "https://docs.sympy.org/latest/guides/index.html", "title": "General Guidelines \u2014 SymPy 1.10.1 documentation"},
{"cleaned_name": "guides_contributing_docstring.html", "url": "https://docs.sympy.org/latest/guides/contributing/docstring.html", "size": "63409", "referer": "https://docs.sympy.org/latest/guides/index.html", "title": "SymPy Docstrings Style Guide \u2014 SymPy 1.10.1 documentation"},
{"cleaned_name": "guides_contributing_debug.html", "url": "https://docs.sympy.org/latest/guides/contributing/debug.html", "size": "6903", "referer": "https://docs.sympy.org/latest/guides/index.html", "title": "Debugging \u2014 SymPy 1.10.1 documentation"},
{"cleaned_name": "guides_contributing_build-docs.html", "url": "https://docs.sympy.org/latest/guides/contributing/build-docs.html", "size": "28192", "referer": "https://docs.sympy.org/latest/guides/index.html", "title": "Build the Documentation \u2014 SymPy 1.10.1 documentation"},
{"cleaned_name": "guides_contributing_dependencies.html", "url": "https://docs.sympy.org/latest/guides/contributing/dependencies.html", "size": "47368", "referer": "https://docs.sympy.org/latest/guides/index.html", "title": "Dependencies \u2014 SymPy 1.10.1 documentation"},
{"cleaned_name": "guides_contributing_dev-setup.html", "url": "https://docs.sympy.org/latest/guides/contributing/dev-setup.html", "size": "13716", "referer": "https://docs.sympy.org/latest/guides/index.html", "title": "Development Environment Setup \u2014 SymPy 1.10.1 documentation"},
{"cleaned_name": "guides_contributing_index.html", "url": "https://docs.sympy.org/latest/guides/contributing/index.html", "size": "12172", "referer": "https://docs.sympy.org/latest/guides/index.html", "title": "Contributing to SymPy \u2014 SymPy 1.10.1 documentation"},
{"cleaned_name": "guides_getting_started_install.html", "url": "https://docs.sympy.org/latest/guides/getting_started/install.html", "size": "15718", "referer": "https://docs.sympy.org/latest/guides/index.html", "title": "Installation \u2014 SymPy 1.10.1 documentation"},
{"cleaned_name": "tutorial_manipulation.html", "url": "https://docs.sympy.org/latest/tutorial/manipulation.html", "size": "65367", "referer": "https://docs.sympy.org/latest/guides/index.html", "title": "Advanced Expression Manipulation \u2014 SymPy 1.10.1 documentation"},
{"cleaned_name": "guides_getting_started_index.html", "url": "https://docs.sympy.org/latest/guides/getting_started/index.html", "size": "7766", "referer": "https://docs.sympy.org/latest/guides/index.html", "title": "Getting Started \u2014 SymPy 1.10.1 documentation"},
{"cleaned_name": "guides_booleans.html", "url": "https://docs.sympy.org/latest/guides/booleans.html", "size": "71835", "referer": "https://docs.sympy.org/latest/explanation/index.html", "title": "Symbolic and fuzzy booleans \u2014 SymPy 1.10.1 documentation"},
{"cleaned_name": "explanation_gotchas.html", "url": "https://docs.sympy.org/latest/explanation/gotchas.html", "size": "108429", "referer": "https://docs.sympy.org/latest/explanation/index.html", "title": "Gotchas and Pitfalls \u2014 SymPy 1.10.1 documentation"}
]