[
{"cleaned_name": "index.html", "url": "https://theano-pymc.readthedocs.io/en/latest/", "size": "29496", "referer": null, "title": "Welcome \u2014 Theano 1.1.2+29.g8b2825658.dirty documentation"},
{"cleaned_name": "internal_release.html", "url": "https://theano-pymc.readthedocs.io/en/latest/internal/release.html", "size": "14759", "referer": "https://theano-pymc.readthedocs.io/en/latest/", "title": "Release \u2014 Theano 1.1.2+29.g8b2825658.dirty documentation"},
{"cleaned_name": "faq.html", "url": "https://theano-pymc.readthedocs.io/en/latest/faq.html", "size": "24481", "referer": "https://theano-pymc.readthedocs.io/en/latest/", "title": "Frequently Asked Questions \u2014 Theano 1.1.2+29.g8b2825658.dirty documentation"},
{"cleaned_name": "citation.html", "url": "https://theano-pymc.readthedocs.io/en/latest/citation.html", "size": "12044", "referer": "https://theano-pymc.readthedocs.io/en/latest/", "title": "Theano Citation Policy \u2014 Theano 1.1.2+29.g8b2825658.dirty documentation"},
{"cleaned_name": "LICENSE.html", "url": "https://theano-pymc.readthedocs.io/en/latest/LICENSE.html", "size": "11915", "referer": "https://theano-pymc.readthedocs.io/en/latest/", "title": "LICENSE \u2014 Theano 1.1.2+29.g8b2825658.dirty documentation"},
{"cleaned_name": "acknowledgement.html", "url": "https://theano-pymc.readthedocs.io/en/latest/acknowledgement.html", "size": "12109", "referer": "https://theano-pymc.readthedocs.io/en/latest/", "title": "Acknowledgements \u2014 Theano 1.1.2+29.g8b2825658.dirty documentation"},
{"cleaned_name": "internal_index.html", "url": "https://theano-pymc.readthedocs.io/en/latest/internal/index.html", "size": "13828", "referer": "https://theano-pymc.readthedocs.io/en/latest/", "title": "Internal Documentation \u2014 Theano 1.1.2+29.g8b2825658.dirty documentation"},
{"cleaned_name": "links.html", "url": "https://theano-pymc.readthedocs.io/en/latest/links.html", "size": "13099", "referer": "https://theano-pymc.readthedocs.io/en/latest/", "title": "Links \u2014 Theano 1.1.2+29.g8b2825658.dirty documentation"},
{"cleaned_name": "glossary.html", "url": "https://theano-pymc.readthedocs.io/en/latest/glossary.html", "size": "24629", "referer": "https://theano-pymc.readthedocs.io/en/latest/", "title": "Glossary \u2014 Theano 1.1.2+29.g8b2825658.dirty documentation"},
{"cleaned_name": "troubleshooting.html", "url": "https://theano-pymc.readthedocs.io/en/latest/troubleshooting.html", "size": "35827", "referer": "https://theano-pymc.readthedocs.io/en/latest/", "title": "Troubleshooting \u2014 Theano 1.1.2+29.g8b2825658.dirty documentation"},
{"cleaned_name": "library_index.html", "url": "https://theano-pymc.readthedocs.io/en/latest/library/index.html", "size": "24819", "referer": "https://theano-pymc.readthedocs.io/en/latest/", "title": "API Documentation \u2014 Theano 1.1.2+29.g8b2825658.dirty documentation"},
{"cleaned_name": "optimizations.html", "url": "https://theano-pymc.readthedocs.io/en/latest/optimizations.html", "size": "33812", "referer": "https://theano-pymc.readthedocs.io/en/latest/", "title": "Optimizations \u2014 Theano 1.1.2+29.g8b2825658.dirty documentation"},
{"cleaned_name": "dev_start_guide.html", "url": "https://theano-pymc.readthedocs.io/en/latest/dev_start_guide.html", "size": "58772", "referer": "https://theano-pymc.readthedocs.io/en/latest/", "title": "Developer Start Guide \u2014 Theano 1.1.2+29.g8b2825658.dirty documentation"},
{"cleaned_name": "extending_index.html", "url": "https://theano-pymc.readthedocs.io/en/latest/extending/index.html", "size": "38613", "referer": "https://theano-pymc.readthedocs.io/en/latest/", "title": "Extending Theano \u2014 Theano 1.1.2+29.g8b2825658.dirty documentation"},
{"cleaned_name": "tutorial_index.html", "url": "https://theano-pymc.readthedocs.io/en/latest/tutorial/index.html", "size": "36847", "referer": "https://theano-pymc.readthedocs.io/en/latest/", "title": "Tutorial \u2014 Theano 1.1.2+29.g8b2825658.dirty documentation"},
{"cleaned_name": "updating.html", "url": "https://theano-pymc.readthedocs.io/en/latest/updating.html", "size": "14873", "referer": "https://theano-pymc.readthedocs.io/en/latest/", "title": "Updating Theano \u2014 Theano 1.1.2+29.g8b2825658.dirty documentation"},
{"cleaned_name": "install.html", "url": "https://theano-pymc.readthedocs.io/en/latest/install.html", "size": "11999", "referer": "https://theano-pymc.readthedocs.io/en/latest/", "title": "Installing Theano \u2014 Theano 1.1.2+29.g8b2825658.dirty documentation"},
{"cleaned_name": "requirements.html", "url": "https://theano-pymc.readthedocs.io/en/latest/requirements.html", "size": "18413", "referer": "https://theano-pymc.readthedocs.io/en/latest/", "title": "Requirements \u2014 Theano 1.1.2+29.g8b2825658.dirty documentation"},
{"cleaned_name": "internal_how_to_release.html", "url": "https://theano-pymc.readthedocs.io/en/latest/internal/how_to_release.html", "size": "23251", "referer": "https://theano-pymc.readthedocs.io/en/latest/internal/release.html", "title": "How to make a release \u2014 Theano 1.1.2+29.g8b2825658.dirty documentation"},
{"cleaned_name": "library_scan.html", "url": "https://theano-pymc.readthedocs.io/en/latest/library/scan.html", "size": "130237", "referer": "https://theano-pymc.readthedocs.io/en/latest/faq.html", "title": "scan \u2013 Looping in Theano \u2014 Theano 1.1.2+29.g8b2825658.dirty documentation"},
{"cleaned_name": "tutorial_using_gpu.html", "url": "https://theano-pymc.readthedocs.io/en/latest/tutorial/using_gpu.html", "size": "70302", "referer": "https://theano-pymc.readthedocs.io/en/latest/faq.html", "title": "Using the GPU \u2014 Theano 1.1.2+29.g8b2825658.dirty documentation"},
{"cleaned_name": "library_config.html", "url": "https://theano-pymc.readthedocs.io/en/latest/library/config.html", "size": "119910", "referer": "https://theano-pymc.readthedocs.io/en/latest/faq.html", "title": "config \u2013 Theano Configuration \u2014 Theano 1.1.2+29.g8b2825658.dirty documentation"},
{"cleaned_name": "internal_python.html", "url": "https://theano-pymc.readthedocs.io/en/latest/internal/python.html", "size": "15379", "referer": "https://theano-pymc.readthedocs.io/en/latest/internal/release.html", "title": "Python booster \u2014 Theano 1.1.2+29.g8b2825658.dirty documentation"},
{"cleaned_name": "internal_metadocumentation.html", "url": "https://theano-pymc.readthedocs.io/en/latest/internal/metadocumentation.html", "size": "19736", "referer": "https://theano-pymc.readthedocs.io/en/latest/internal/release.html", "title": "Documentation Documentation AKA Meta-Documentation \u2014 Theano 1.1.2+29.g8b2825658.dirty documentation"},
{"cleaned_name": "internal_dev_start_guide.html", "url": "https://theano-pymc.readthedocs.io/en/latest/internal/dev_start_guide.html", "size": "11262", "referer": "https://theano-pymc.readthedocs.io/en/latest/internal/release.html", "title": "Developer Start Guide MOVED! \u2014 Theano 1.1.2+29.g8b2825658.dirty documentation"},
{"cleaned_name": "extending_type.html", "url": "https://theano-pymc.readthedocs.io/en/latest/extending/type.html", "size": "51439", "referer": "https://theano-pymc.readthedocs.io/en/latest/glossary.html", "title": "Making the double type \u2014 Theano 1.1.2+29.g8b2825658.dirty documentation"},
{"cleaned_name": "library_tests.html", "url": "https://theano-pymc.readthedocs.io/en/latest/library/tests.html", "size": "14262", "referer": "https://theano-pymc.readthedocs.io/en/latest/troubleshooting.html", "title": "tests \u2013 Tests \u2014 Theano 1.1.2+29.g8b2825658.dirty documentation"},
{"cleaned_name": "library_graph_graph.html", "url": "https://theano-pymc.readthedocs.io/en/latest/library/graph/graph.html", "size": "92456", "referer": "https://theano-pymc.readthedocs.io/en/latest/library/index.html", "title": "graph \u2013 Interface for the Theano graph \u2014 Theano 1.1.2+29.g8b2825658.dirty documentation"},
{"cleaned_name": "extending_optimization.html", "url": "https://theano-pymc.readthedocs.io/en/latest/extending/optimization.html", "size": "95158", "referer": "https://theano-pymc.readthedocs.io/en/latest/optimizations.html", "title": "Graph optimization \u2014 Theano 1.1.2+29.g8b2825658.dirty documentation"},
{"cleaned_name": "extending_extending_faq.html", "url": "https://theano-pymc.readthedocs.io/en/latest/extending/extending_faq.html", "size": "15572", "referer": "https://theano-pymc.readthedocs.io/en/latest/dev_start_guide.html", "title": "Extending Theano: FAQ and Troubleshooting \u2014 Theano 1.1.2+29.g8b2825658.dirty documentation"},
{"cleaned_name": "tutorial_faq_tutorial.html", "url": "https://theano-pymc.readthedocs.io/en/latest/tutorial/faq_tutorial.html", "size": "17211", "referer": "https://theano-pymc.readthedocs.io/en/latest/extending/index.html", "title": "Frequently Asked Questions \u2014 Theano 1.1.2+29.g8b2825658.dirty documentation"},
{"cleaned_name": "tutorial_multi_cores.html", "url": "https://theano-pymc.readthedocs.io/en/latest/tutorial/multi_cores.html", "size": "17698", "referer": "https://theano-pymc.readthedocs.io/en/latest/tutorial/index.html", "title": "Multi cores support in Theano \u2014 Theano 1.1.2+29.g8b2825658.dirty documentation"},
{"cleaned_name": "install_others.html", "url": "https://theano-pymc.readthedocs.io/en/latest/install_others.html", "size": "14681", "referer": "https://theano-pymc.readthedocs.io/en/latest/updating.html", "title": "Other Platform-specific Installations \u2014 Theano 1.1.2+29.g8b2825658.dirty documentation"},
{"cleaned_name": "install_centos6.html", "url": "https://theano-pymc.readthedocs.io/en/latest/install_centos6.html", "size": "28603", "referer": "https://theano-pymc.readthedocs.io/en/latest/install.html", "title": "CentOS 6 Installation Instructions \u2014 Theano 1.1.2+29.g8b2825658.dirty documentation"},
{"cleaned_name": "library_tensor_nnet_ctc.html", "url": "https://theano-pymc.readthedocs.io/en/latest/library/tensor/nnet/ctc.html", "size": "23802", "referer": "https://theano-pymc.readthedocs.io/en/latest/requirements.html", "title": "theano.tensor.nnet.ctc \u2013 Connectionist Temporal Classification (CTC) loss \u2014 Theano 1.1.2+29.g8b2825658.dirty documentation"},
{"cleaned_name": "install_windows.html", "url": "https://theano-pymc.readthedocs.io/en/latest/install_windows.html", "size": "30162", "referer": "https://theano-pymc.readthedocs.io/en/latest/install.html", "title": "Windows Installation Instructions \u2014 Theano 1.1.2+29.g8b2825658.dirty documentation"},
{"cleaned_name": "install_macos.html", "url": "https://theano-pymc.readthedocs.io/en/latest/install_macos.html", "size": "37624", "referer": "https://theano-pymc.readthedocs.io/en/latest/install.html", "title": "Mac OS Installation Instructions \u2014 Theano 1.1.2+29.g8b2825658.dirty documentation"},
{"cleaned_name": "install_ubuntu.html", "url": "https://theano-pymc.readthedocs.io/en/latest/install_ubuntu.html", "size": "31830", "referer": "https://theano-pymc.readthedocs.io/en/latest/install.html", "title": "Ubuntu Installation Instructions \u2014 Theano 1.1.2+29.g8b2825658.dirty documentation"},
{"cleaned_name": "library_compile_nanguardmode.html", "url": "https://theano-pymc.readthedocs.io/en/latest/library/compile/nanguardmode.html", "size": "23691", "referer": "https://theano-pymc.readthedocs.io/en/latest/library/config.html", "title": "nanguardmode \u2014 Theano 1.1.2+29.g8b2825658.dirty documentation"},
{"cleaned_name": "tutorial_aliasing.html", "url": "https://theano-pymc.readthedocs.io/en/latest/tutorial/aliasing.html", "size": "34771", "referer": "https://theano-pymc.readthedocs.io/en/latest/tutorial/index.html", "title": "Understanding Memory Aliasing for Speed and Correctness \u2014 Theano 1.1.2+29.g8b2825658.dirty documentation"},
{"cleaned_name": "tutorial_loading_and_saving.html", "url": "https://theano-pymc.readthedocs.io/en/latest/tutorial/loading_and_saving.html", "size": "27668", "referer": "https://theano-pymc.readthedocs.io/en/latest/tutorial/index.html", "title": "Loading and Saving \u2014 Theano 1.1.2+29.g8b2825658.dirty documentation"},
{"cleaned_name": "tutorial_profiling.html", "url": "https://theano-pymc.readthedocs.io/en/latest/tutorial/profiling.html", "size": "18684", "referer": "https://theano-pymc.readthedocs.io/en/latest/tutorial/index.html", "title": "Profiling Theano function \u2014 Theano 1.1.2+29.g8b2825658.dirty documentation"},
{"cleaned_name": "library_compile_debugmode.html", "url": "https://theano-pymc.readthedocs.io/en/latest/library/compile/debugmode.html", "size": "35715", "referer": "https://theano-pymc.readthedocs.io/en/latest/extending/type.html", "title": "debugmode \u2014 Theano 1.1.2+29.g8b2825658.dirty documentation"},
{"cleaned_name": "tutorial_nan_tutorial.html", "url": "https://theano-pymc.readthedocs.io/en/latest/tutorial/nan_tutorial.html", "size": "18767", "referer": "https://theano-pymc.readthedocs.io/en/latest/tutorial/index.html", "title": "Dealing with NaNs \u2014 Theano 1.1.2+29.g8b2825658.dirty documentation"},
{"cleaned_name": "library_graph_utils.html", "url": "https://theano-pymc.readthedocs.io/en/latest/library/graph/utils.html", "size": "23668", "referer": "https://theano-pymc.readthedocs.io/en/latest/library/graph/graph.html", "title": "utils \u2013 Utilities functions operating on the graph \u2014 Theano 1.1.2+29.g8b2825658.dirty documentation"},
{"cleaned_name": "library_graph_params_type.html", "url": "https://theano-pymc.readthedocs.io/en/latest/library/graph/params_type.html", "size": "77512", "referer": "https://theano-pymc.readthedocs.io/en/latest/library/graph/graph.html", "title": "theano.graph.params_type \u2013 Wrapper class for op params \u2014 Theano 1.1.2+29.g8b2825658.dirty documentation"},
{"cleaned_name": "library_graph_type.html", "url": "https://theano-pymc.readthedocs.io/en/latest/library/graph/type.html", "size": "141091", "referer": "https://theano-pymc.readthedocs.io/en/latest/library/graph/graph.html", "title": "type \u2013 Interface for types of variables \u2014 Theano 1.1.2+29.g8b2825658.dirty documentation"},
{"cleaned_name": "library_graph_op.html", "url": "https://theano-pymc.readthedocs.io/en/latest/library/graph/op.html", "size": "81177", "referer": "https://theano-pymc.readthedocs.io/en/latest/library/graph/graph.html", "title": "graph \u2013 Objects and functions for computational graphs \u2014 Theano 1.1.2+29.g8b2825658.dirty documentation"},
{"cleaned_name": "library_graph_toolbox.html", "url": "https://theano-pymc.readthedocs.io/en/latest/library/graph/toolbox.html", "size": "21921", "referer": "https://theano-pymc.readthedocs.io/en/latest/library/graph/graph.html", "title": "toolbox \u2013 [doc TODO] \u2014 Theano 1.1.2+29.g8b2825658.dirty documentation"},
{"cleaned_name": "library_graph_fgraph.html", "url": "https://theano-pymc.readthedocs.io/en/latest/library/graph/fgraph.html", "size": "51285", "referer": "https://theano-pymc.readthedocs.io/en/latest/library/graph/graph.html", "title": "fg \u2013 Graph Container [doc TODO] \u2014 Theano 1.1.2+29.g8b2825658.dirty documentation"},
{"cleaned_name": "tutorial_debug_faq.html", "url": "https://theano-pymc.readthedocs.io/en/latest/tutorial/debug_faq.html", "size": "65015", "referer": "https://theano-pymc.readthedocs.io/en/latest/tutorial/index.html", "title": "Debugging Theano: FAQ and Troubleshooting \u2014 Theano 1.1.2+29.g8b2825658.dirty documentation"},
{"cleaned_name": "library_tensor_fft.html", "url": "https://theano-pymc.readthedocs.io/en/latest/library/tensor/fft.html", "size": "25196", "referer": "https://theano-pymc.readthedocs.io/en/latest/library/tensor/nnet/ctc.html", "title": "tensor.fft \u2013 Fast Fourier Transforms \u2014 Theano 1.1.2+29.g8b2825658.dirty documentation"},
{"cleaned_name": "library_tensor_nlinalg.html", "url": "https://theano-pymc.readthedocs.io/en/latest/library/tensor/nlinalg.html", "size": "102419", "referer": "https://theano-pymc.readthedocs.io/en/latest/library/tensor/nnet/ctc.html", "title": "tensor.nlinalg \u2013 Linear Algebra Ops Using Numpy \u2014 Theano 1.1.2+29.g8b2825658.dirty documentation"},
{"cleaned_name": "library_tensor_slinalg.html", "url": "https://theano-pymc.readthedocs.io/en/latest/library/tensor/slinalg.html", "size": "58602", "referer": "https://theano-pymc.readthedocs.io/en/latest/library/tensor/nnet/ctc.html", "title": "tensor.slinalg \u2013 Linear Algebra Ops Using Scipy \u2014 Theano 1.1.2+29.g8b2825658.dirty documentation"},
{"cleaned_name": "library_tensor_io.html", "url": "https://theano-pymc.readthedocs.io/en/latest/library/tensor/io.html", "size": "21923", "referer": "https://theano-pymc.readthedocs.io/en/latest/library/tensor/nnet/ctc.html", "title": "tensor.io \u2013 Tensor IO Ops \u2014 Theano 1.1.2+29.g8b2825658.dirty documentation"},
{"cleaned_name": "library_compile_mode.html", "url": "https://theano-pymc.readthedocs.io/en/latest/library/compile/mode.html", "size": "24025", "referer": "https://theano-pymc.readthedocs.io/en/latest/library/compile/nanguardmode.html", "title": "mode \u2013 controlling compilation \u2014 Theano 1.1.2+29.g8b2825658.dirty documentation"},
{"cleaned_name": "library_gpuarray_type.html", "url": "https://theano-pymc.readthedocs.io/en/latest/library/gpuarray/type.html", "size": "88784", "referer": "https://theano-pymc.readthedocs.io/en/latest/tutorial/aliasing.html", "title": "theano.gpuarray.type \u2013 Type classes \u2014 Theano 1.1.2+29.g8b2825658.dirty documentation"},
{"cleaned_name": "library_compile_ops.html", "url": "https://theano-pymc.readthedocs.io/en/latest/library/compile/ops.html", "size": "44146", "referer": "https://theano-pymc.readthedocs.io/en/latest/library/compile/nanguardmode.html", "title": "ops \u2013 Some Common Ops and extra Ops stuff \u2014 Theano 1.1.2+29.g8b2825658.dirty documentation"},
{"cleaned_name": "library_compile_io.html", "url": "https://theano-pymc.readthedocs.io/en/latest/library/compile/io.html", "size": "56072", "referer": "https://theano-pymc.readthedocs.io/en/latest/library/compile/nanguardmode.html", "title": "io - defines theano.function [TODO] \u2014 Theano 1.1.2+29.g8b2825658.dirty documentation"},
{"cleaned_name": "library_tensor_extra_ops.html", "url": "https://theano-pymc.readthedocs.io/en/latest/library/tensor/extra_ops.html", "size": "142756", "referer": "https://theano-pymc.readthedocs.io/en/latest/library/tensor/nnet/ctc.html", "title": "tensor.extra_ops \u2013 Tensor Extra Ops \u2014 Theano 1.1.2+29.g8b2825658.dirty documentation"},
{"cleaned_name": "library_tensor_utils.html", "url": "https://theano-pymc.readthedocs.io/en/latest/library/tensor/utils.html", "size": "21838", "referer": "https://theano-pymc.readthedocs.io/en/latest/library/tensor/nnet/ctc.html", "title": "tensor.utils \u2013 Tensor Utils \u2014 Theano 1.1.2+29.g8b2825658.dirty documentation"},
{"cleaned_name": "library_tensor_signal_index.html", "url": "https://theano-pymc.readthedocs.io/en/latest/library/tensor/signal/index.html", "size": "18245", "referer": "https://theano-pymc.readthedocs.io/en/latest/library/tensor/nnet/ctc.html", "title": "signal \u2013 Signal Processing \u2014 Theano 1.1.2+29.g8b2825658.dirty documentation"},
{"cleaned_name": "library_tensor_nnet_blocksparse.html", "url": "https://theano-pymc.readthedocs.io/en/latest/library/tensor/nnet/blocksparse.html", "size": "39448", "referer": "https://theano-pymc.readthedocs.io/en/latest/library/tensor/nnet/ctc.html", "title": "blocksparse \u2013 Block sparse dot operations (gemv and outer) \u2014 Theano 1.1.2+29.g8b2825658.dirty documentation"},
{"cleaned_name": "library_tensor_nnet_bn.html", "url": "https://theano-pymc.readthedocs.io/en/latest/library/tensor/nnet/bn.html", "size": "19051", "referer": "https://theano-pymc.readthedocs.io/en/latest/library/tensor/nnet/ctc.html", "title": "bn \u2013 Batch Normalization \u2014 Theano 1.1.2+29.g8b2825658.dirty documentation"},
{"cleaned_name": "library_tensor_nnet_neighbours.html", "url": "https://theano-pymc.readthedocs.io/en/latest/library/tensor/nnet/neighbours.html", "size": "32948", "referer": "https://theano-pymc.readthedocs.io/en/latest/library/tensor/nnet/ctc.html", "title": "neighbours \u2013 Ops for working with images in convolutional nets \u2014 Theano 1.1.2+29.g8b2825658.dirty documentation"},
{"cleaned_name": "library_tensor_nnet_conv.html", "url": "https://theano-pymc.readthedocs.io/en/latest/library/tensor/nnet/conv.html", "size": "232219", "referer": "https://theano-pymc.readthedocs.io/en/latest/library/tensor/nnet/ctc.html", "title": "conv \u2013 Ops for convolutional neural nets \u2014 Theano 1.1.2+29.g8b2825658.dirty documentation"},
{"cleaned_name": "library_tensor_nnet_index.html", "url": "https://theano-pymc.readthedocs.io/en/latest/library/tensor/nnet/index.html", "size": "19588", "referer": "https://theano-pymc.readthedocs.io/en/latest/library/tensor/nnet/ctc.html", "title": "nnet \u2013 Ops related to neural networks \u2014 Theano 1.1.2+29.g8b2825658.dirty documentation"},
{"cleaned_name": "tutorial_printing_drawing.html", "url": "https://theano-pymc.readthedocs.io/en/latest/tutorial/printing_drawing.html", "size": "30997", "referer": "https://theano-pymc.readthedocs.io/en/latest/tutorial/index.html", "title": "Printing/Drawing Theano graphs \u2014 Theano 1.1.2+29.g8b2825658.dirty documentation"},
{"cleaned_name": "tutorial_modes.html", "url": "https://theano-pymc.readthedocs.io/en/latest/tutorial/modes.html", "size": "42078", "referer": "https://theano-pymc.readthedocs.io/en/latest/tutorial/index.html", "title": "Configuration Settings and Compiling Modes \u2014 Theano 1.1.2+29.g8b2825658.dirty documentation"},
{"cleaned_name": "tutorial_conv_arithmetic.html", "url": "https://theano-pymc.readthedocs.io/en/latest/tutorial/conv_arithmetic.html", "size": "116407", "referer": "https://theano-pymc.readthedocs.io/en/latest/tutorial/index.html", "title": "Convolution arithmetic tutorial \u2014 Theano 1.1.2+29.g8b2825658.dirty documentation"},
{"cleaned_name": "tutorial_using_multi_gpu.html", "url": "https://theano-pymc.readthedocs.io/en/latest/tutorial/using_multi_gpu.html", "size": "23061", "referer": "https://theano-pymc.readthedocs.io/en/latest/tutorial/index.html", "title": "Using multiple GPUs \u2014 Theano 1.1.2+29.g8b2825658.dirty documentation"},
{"cleaned_name": "tutorial_sparse.html", "url": "https://theano-pymc.readthedocs.io/en/latest/tutorial/sparse.html", "size": "31800", "referer": "https://theano-pymc.readthedocs.io/en/latest/tutorial/index.html", "title": "Sparse \u2014 Theano 1.1.2+29.g8b2825658.dirty documentation"},
{"cleaned_name": "tutorial_shape_info.html", "url": "https://theano-pymc.readthedocs.io/en/latest/tutorial/shape_info.html", "size": "26132", "referer": "https://theano-pymc.readthedocs.io/en/latest/tutorial/index.html", "title": "How Shape Information is Handled by Theano \u2014 Theano 1.1.2+29.g8b2825658.dirty documentation"},
{"cleaned_name": "library_gpuarray_linalg.html", "url": "https://theano-pymc.readthedocs.io/en/latest/library/gpuarray/linalg.html", "size": "70341", "referer": "https://theano-pymc.readthedocs.io/en/latest/library/gpuarray/type.html", "title": "theano.gpuarray.linalg \u2013 Linear algebra operation \u2014 Theano 1.1.2+29.g8b2825658.dirty documentation"},
{"cleaned_name": "library_gpuarray_ctc.html", "url": "https://theano-pymc.readthedocs.io/en/latest/library/gpuarray/ctc.html", "size": "20868", "referer": "https://theano-pymc.readthedocs.io/en/latest/library/gpuarray/type.html", "title": "theano.gpuarray.ctc \u2013 Connectionist Temporal Classification (CTC) loss \u2014 Theano 1.1.2+29.g8b2825658.dirty documentation"},
{"cleaned_name": "library_gpuarray_extra.html", "url": "https://theano-pymc.readthedocs.io/en/latest/library/gpuarray/extra.html", "size": "51791", "referer": "https://theano-pymc.readthedocs.io/en/latest/library/gpuarray/type.html", "title": "Utility functions \u2014 Theano 1.1.2+29.g8b2825658.dirty documentation"},
{"cleaned_name": "library_gpuarray_fft.html", "url": "https://theano-pymc.readthedocs.io/en/latest/library/gpuarray/fft.html", "size": "25088", "referer": "https://theano-pymc.readthedocs.io/en/latest/library/gpuarray/type.html", "title": "theano.gpuarray.fft \u2013 Fast Fourier Transforms \u2014 Theano 1.1.2+29.g8b2825658.dirty documentation"},
{"cleaned_name": "library_tensor_signal_downsample.html", "url": "https://theano-pymc.readthedocs.io/en/latest/library/tensor/signal/downsample.html", "size": "17706", "referer": "https://theano-pymc.readthedocs.io/en/latest/library/tensor/utils.html", "title": "downsample \u2013 Down-Sampling \u2014 Theano 1.1.2+29.g8b2825658.dirty documentation"},
{"cleaned_name": "library_tensor_signal_pool.html", "url": "https://theano-pymc.readthedocs.io/en/latest/library/tensor/signal/pool.html", "size": "26967", "referer": "https://theano-pymc.readthedocs.io/en/latest/library/tensor/signal/index.html", "title": "pool \u2013 Down-Sampling \u2014 Theano 1.1.2+29.g8b2825658.dirty documentation"},
{"cleaned_name": "library_tensor_signal_conv.html", "url": "https://theano-pymc.readthedocs.io/en/latest/library/tensor/signal/conv.html", "size": "21864", "referer": "https://theano-pymc.readthedocs.io/en/latest/library/tensor/signal/index.html", "title": "conv \u2013 Convolution \u2014 Theano 1.1.2+29.g8b2825658.dirty documentation"},
{"cleaned_name": "library_gpuarray_op.html", "url": "https://theano-pymc.readthedocs.io/en/latest/library/gpuarray/op.html", "size": "446320", "referer": "https://theano-pymc.readthedocs.io/en/latest/library/gpuarray/type.html", "title": "List of gpuarray Ops implemented \u2014 Theano 1.1.2+29.g8b2825658.dirty documentation"},
{"cleaned_name": "tutorial_loop.html", "url": "https://theano-pymc.readthedocs.io/en/latest/tutorial/loop.html", "size": "76991", "referer": "https://theano-pymc.readthedocs.io/en/latest/tutorial/index.html", "title": "Loop \u2014 Theano 1.1.2+29.g8b2825658.dirty documentation"},
{"cleaned_name": "tutorial_conditions.html", "url": "https://theano-pymc.readthedocs.io/en/latest/tutorial/conditions.html", "size": "21941", "referer": "https://theano-pymc.readthedocs.io/en/latest/tutorial/index.html", "title": "Conditions \u2014 Theano 1.1.2+29.g8b2825658.dirty documentation"},
{"cleaned_name": "tutorial_gradients.html", "url": "https://theano-pymc.readthedocs.io/en/latest/tutorial/gradients.html", "size": "46052", "referer": "https://theano-pymc.readthedocs.io/en/latest/tutorial/index.html", "title": "Derivatives in Theano \u2014 Theano 1.1.2+29.g8b2825658.dirty documentation"},
{"cleaned_name": "tutorial_examples.html", "url": "https://theano-pymc.readthedocs.io/en/latest/tutorial/examples.html", "size": "77418", "referer": "https://theano-pymc.readthedocs.io/en/latest/tutorial/index.html", "title": "More Examples \u2014 Theano 1.1.2+29.g8b2825658.dirty documentation"},
{"cleaned_name": "tutorial_adding.html", "url": "https://theano-pymc.readthedocs.io/en/latest/tutorial/adding.html", "size": "33620", "referer": "https://theano-pymc.readthedocs.io/en/latest/tutorial/index.html", "title": "Baby Steps - Algebra \u2014 Theano 1.1.2+29.g8b2825658.dirty documentation"},
{"cleaned_name": "tutorial_numpy.html", "url": "https://theano-pymc.readthedocs.io/en/latest/tutorial/numpy.html", "size": "16880", "referer": "https://theano-pymc.readthedocs.io/en/latest/tutorial/index.html", "title": "NumPy refresher \u2014 Theano 1.1.2+29.g8b2825658.dirty documentation"},
{"cleaned_name": "tutorial_python.html", "url": "https://theano-pymc.readthedocs.io/en/latest/tutorial/python.html", "size": "11897", "referer": "https://theano-pymc.readthedocs.io/en/latest/tutorial/index.html", "title": "Python tutorial \u2014 Theano 1.1.2+29.g8b2825658.dirty documentation"},
{"cleaned_name": "extending_scan.html", "url": "https://theano-pymc.readthedocs.io/en/latest/extending/scan.html", "size": "37223", "referer": "https://theano-pymc.readthedocs.io/en/latest/extending/index.html", "title": "Developper documentation for Scan \u2014 Theano 1.1.2+29.g8b2825658.dirty documentation"},
{"cleaned_name": "extending_unittest.html", "url": "https://theano-pymc.readthedocs.io/en/latest/extending/unittest.html", "size": "57845", "referer": "https://theano-pymc.readthedocs.io/en/latest/extending/index.html", "title": "Unit Testing \u2014 Theano 1.1.2+29.g8b2825658.dirty documentation"},
{"cleaned_name": "extending_tips.html", "url": "https://theano-pymc.readthedocs.io/en/latest/extending/tips.html", "size": "15750", "referer": "https://theano-pymc.readthedocs.io/en/latest/extending/index.html", "title": "Tips \u2014 Theano 1.1.2+29.g8b2825658.dirty documentation"},
{"cleaned_name": "extending_extending_theano_gpu.html", "url": "https://theano-pymc.readthedocs.io/en/latest/extending/extending_theano_gpu.html", "size": "58858", "referer": "https://theano-pymc.readthedocs.io/en/latest/extending/index.html", "title": "Extending Theano with a GPU Op \u2014 Theano 1.1.2+29.g8b2825658.dirty documentation"},
{"cleaned_name": "extending_using_params.html", "url": "https://theano-pymc.readthedocs.io/en/latest/extending/using_params.html", "size": "37341", "referer": "https://theano-pymc.readthedocs.io/en/latest/extending/index.html", "title": "Using Op params \u2014 Theano 1.1.2+29.g8b2825658.dirty documentation"},
{"cleaned_name": "extending_cop.html", "url": "https://theano-pymc.readthedocs.io/en/latest/extending/cop.html", "size": "47731", "referer": "https://theano-pymc.readthedocs.io/en/latest/extending/index.html", "title": "Implementing the arithmetic COps in C \u2014 Theano 1.1.2+29.g8b2825658.dirty documentation"},
{"cleaned_name": "extending_ctype.html", "url": "https://theano-pymc.readthedocs.io/en/latest/extending/ctype.html", "size": "66936", "referer": "https://theano-pymc.readthedocs.io/en/latest/extending/index.html", "title": "Implementing double in C \u2014 Theano 1.1.2+29.g8b2825658.dirty documentation"},
{"cleaned_name": "extending_other_ops.html", "url": "https://theano-pymc.readthedocs.io/en/latest/extending/other_ops.html", "size": "33315", "referer": "https://theano-pymc.readthedocs.io/en/latest/extending/index.html", "title": "Implementing some specific Ops \u2014 Theano 1.1.2+29.g8b2825658.dirty documentation"},
{"cleaned_name": "extending_inplace.html", "url": "https://theano-pymc.readthedocs.io/en/latest/extending/inplace.html", "size": "33389", "referer": "https://theano-pymc.readthedocs.io/en/latest/extending/index.html", "title": "Views and inplace operations \u2014 Theano 1.1.2+29.g8b2825658.dirty documentation"},
{"cleaned_name": "extending_op.html", "url": "https://theano-pymc.readthedocs.io/en/latest/extending/op.html", "size": "77675", "referer": "https://theano-pymc.readthedocs.io/en/latest/extending/index.html", "title": "Making arithmetic Ops on double \u2014 Theano 1.1.2+29.g8b2825658.dirty documentation"},
{"cleaned_name": "extending_theano_vs_c.html", "url": "https://theano-pymc.readthedocs.io/en/latest/extending/theano_vs_c.html", "size": "16254", "referer": "https://theano-pymc.readthedocs.io/en/latest/extending/index.html", "title": "Theano vs. C \u2014 Theano 1.1.2+29.g8b2825658.dirty documentation"},
{"cleaned_name": "extending_pipeline.html", "url": "https://theano-pymc.readthedocs.io/en/latest/extending/pipeline.html", "size": "22932", "referer": "https://theano-pymc.readthedocs.io/en/latest/extending/index.html", "title": "Overview of the compilation pipeline \u2014 Theano 1.1.2+29.g8b2825658.dirty documentation"},
{"cleaned_name": "extending_fibby.html", "url": "https://theano-pymc.readthedocs.io/en/latest/extending/fibby.html", "size": "31211", "referer": "https://theano-pymc.readthedocs.io/en/latest/extending/index.html", "title": "Writing an Op to work on an ndarray in C \u2014 Theano 1.1.2+29.g8b2825658.dirty documentation"},
{"cleaned_name": "library_sandbox_rng_mrg.html", "url": "https://theano-pymc.readthedocs.io/en/latest/library/sandbox/rng_mrg.html", "size": "60969", "referer": "https://theano-pymc.readthedocs.io/en/latest/tutorial/examples.html", "title": "sandbox.rng_mrg \u2013 MRG random number generator \u2014 Theano 1.1.2+29.g8b2825658.dirty documentation"},
{"cleaned_name": "library_tensor_random_utils.html", "url": "https://theano-pymc.readthedocs.io/en/latest/library/tensor/random/utils.html", "size": "15393", "referer": "https://theano-pymc.readthedocs.io/en/latest/tutorial/examples.html", "title": "utils \u2013 Friendly random numbers \u2014 Theano 1.1.2+29.g8b2825658.dirty documentation"},
{"cleaned_name": "extending_extending_theano_c.html", "url": "https://theano-pymc.readthedocs.io/en/latest/extending/extending_theano_c.html", "size": "107623", "referer": "https://theano-pymc.readthedocs.io/en/latest/extending/index.html", "title": "Extending Theano with a C Op \u2014 Theano 1.1.2+29.g8b2825658.dirty documentation"},
{"cleaned_name": "extending_extending_theano.html", "url": "https://theano-pymc.readthedocs.io/en/latest/extending/extending_theano.html", "size": "94500", "referer": "https://theano-pymc.readthedocs.io/en/latest/extending/index.html", "title": "Creating a new Op: Python implementation \u2014 Theano 1.1.2+29.g8b2825658.dirty documentation"},
{"cleaned_name": "library_tensor_elemwise.html", "url": "https://theano-pymc.readthedocs.io/en/latest/library/tensor/elemwise.html", "size": "70996", "referer": "https://theano-pymc.readthedocs.io/en/latest/dev_start_guide.html", "title": "tensor.elemwise \u2013 Tensor Elemwise \u2014 Theano 1.1.2+29.g8b2825658.dirty documentation"},
{"cleaned_name": "library_tensor_basic.html", "url": "https://theano-pymc.readthedocs.io/en/latest/library/tensor/basic.html", "size": "235149", "referer": "https://theano-pymc.readthedocs.io/en/latest/library/index.html", "title": "Basic Tensor Functionality \u2014 Theano 1.1.2+29.g8b2825658.dirty documentation"},
{"cleaned_name": "library_compile_shared.html", "url": "https://theano-pymc.readthedocs.io/en/latest/library/compile/shared.html", "size": "28716", "referer": "https://theano-pymc.readthedocs.io/en/latest/library/index.html", "title": "shared - defines theano.shared \u2014 Theano 1.1.2+29.g8b2825658.dirty documentation"},
{"cleaned_name": "library_compile_function.html", "url": "https://theano-pymc.readthedocs.io/en/latest/library/compile/function.html", "size": "52900", "referer": "https://theano-pymc.readthedocs.io/en/latest/library/index.html", "title": "function - defines theano.function \u2014 Theano 1.1.2+29.g8b2825658.dirty documentation"},
{"cleaned_name": "library_typed_list.html", "url": "https://theano-pymc.readthedocs.io/en/latest/library/typed_list.html", "size": "85810", "referer": "https://theano-pymc.readthedocs.io/en/latest/library/index.html", "title": "typed_list \u2013 Typed List \u2014 Theano 1.1.2+29.g8b2825658.dirty documentation"},
{"cleaned_name": "library_tensor_index.html", "url": "https://theano-pymc.readthedocs.io/en/latest/library/tensor/index.html", "size": "19008", "referer": "https://theano-pymc.readthedocs.io/en/latest/library/index.html", "title": "tensor \u2013 Types and Ops for Symbolic numpy \u2014 Theano 1.1.2+29.g8b2825658.dirty documentation"},
{"cleaned_name": "library_sparse_sandbox.html", "url": "https://theano-pymc.readthedocs.io/en/latest/library/sparse/sandbox.html", "size": "50742", "referer": "https://theano-pymc.readthedocs.io/en/latest/library/index.html", "title": "sparse.sandbox \u2013 Sparse Op Sandbox \u2014 Theano 1.1.2+29.g8b2825658.dirty documentation"},
{"cleaned_name": "library_sparse_index.html", "url": "https://theano-pymc.readthedocs.io/en/latest/library/sparse/index.html", "size": "366350", "referer": "https://theano-pymc.readthedocs.io/en/latest/library/index.html", "title": "sparse \u2013 Symbolic Sparse Matrices \u2014 Theano 1.1.2+29.g8b2825658.dirty documentation"},
{"cleaned_name": "library_scalar_index.html", "url": "https://theano-pymc.readthedocs.io/en/latest/library/scalar/index.html", "size": "14642", "referer": "https://theano-pymc.readthedocs.io/en/latest/library/index.html", "title": "scalar \u2013 Symbolic Scalar Types, Ops [doc TODO] \u2014 Theano 1.1.2+29.g8b2825658.dirty documentation"},
{"cleaned_name": "library_sandbox_index.html", "url": "https://theano-pymc.readthedocs.io/en/latest/library/sandbox/index.html", "size": "16067", "referer": "https://theano-pymc.readthedocs.io/en/latest/library/index.html", "title": "sandbox \u2013 Experimental Code \u2014 Theano 1.1.2+29.g8b2825658.dirty documentation"},
{"cleaned_name": "library_printing.html", "url": "https://theano-pymc.readthedocs.io/en/latest/library/printing.html", "size": "44920", "referer": "https://theano-pymc.readthedocs.io/en/latest/library/index.html", "title": "printing \u2013 Graph Printing and Symbolic Print Statement \u2014 Theano 1.1.2+29.g8b2825658.dirty documentation"},
{"cleaned_name": "library_misc_pkl_utils.html", "url": "https://theano-pymc.readthedocs.io/en/latest/library/misc/pkl_utils.html", "size": "24322", "referer": "https://theano-pymc.readthedocs.io/en/latest/library/index.html", "title": "misc.pkl_utils - Tools for serialization. \u2014 Theano 1.1.2+29.g8b2825658.dirty documentation"},
{"cleaned_name": "library_gradient.html", "url": "https://theano-pymc.readthedocs.io/en/latest/library/gradient.html", "size": "100881", "referer": "https://theano-pymc.readthedocs.io/en/latest/library/index.html", "title": "gradient \u2013 Symbolic Differentiation \u2014 Theano 1.1.2+29.g8b2825658.dirty documentation"},
{"cleaned_name": "library_sandbox_neighbours.html", "url": "https://theano-pymc.readthedocs.io/en/latest/library/sandbox/neighbours.html", "size": "15775", "referer": "https://theano-pymc.readthedocs.io/en/latest/library/sandbox/rng_mrg.html", "title": "sandbox.neighbours \u2013 Neighbours Ops \u2014 Theano 1.1.2+29.g8b2825658.dirty documentation"},
{"cleaned_name": "library_sandbox_linalg.html", "url": "https://theano-pymc.readthedocs.io/en/latest/library/sandbox/linalg.html", "size": "28638", "referer": "https://theano-pymc.readthedocs.io/en/latest/library/sandbox/rng_mrg.html", "title": "sandbox.linalg \u2013 Linear Algebra Ops \u2014 Theano 1.1.2+29.g8b2825658.dirty documentation"},
{"cleaned_name": "library_gpuarray_index.html", "url": "https://theano-pymc.readthedocs.io/en/latest/library/gpuarray/index.html", "size": "17271", "referer": "https://theano-pymc.readthedocs.io/en/latest/library/index.html", "title": "gpuarray \u2013 The (new) GPU backend \u2014 Theano 1.1.2+29.g8b2825658.dirty documentation"},
{"cleaned_name": "library_graph_index.html", "url": "https://theano-pymc.readthedocs.io/en/latest/library/graph/index.html", "size": "17830", "referer": "https://theano-pymc.readthedocs.io/en/latest/library/index.html", "title": "graph \u2013 Theano Internals [doc TODO] \u2014 Theano 1.1.2+29.g8b2825658.dirty documentation"},
{"cleaned_name": "library_d3viz_index.html", "url": "https://theano-pymc.readthedocs.io/en/latest/library/d3viz/index.html", "size": "54709", "referer": "https://theano-pymc.readthedocs.io/en/latest/library/index.html", "title": "d3viz \u2013 d3viz: Interactive visualization of Theano compute graphs \u2014 Theano 1.1.2+29.g8b2825658.dirty documentation"},
{"cleaned_name": "library_compile_index.html", "url": "https://theano-pymc.readthedocs.io/en/latest/library/compile/index.html", "size": "17613", "referer": "https://theano-pymc.readthedocs.io/en/latest/library/index.html", "title": "compile \u2013 Transforming Expression Graphs to Functions \u2014 Theano 1.1.2+29.g8b2825658.dirty documentation"},
{"cleaned_name": "library_gpuarray_dnn.html", "url": "https://theano-pymc.readthedocs.io/en/latest/library/gpuarray/dnn.html", "size": "212729", "referer": "https://theano-pymc.readthedocs.io/en/latest/troubleshooting.html", "title": "theano.gpuarray.dnn \u2013 cuDNN \u2014 Theano 1.1.2+29.g8b2825658.dirty documentation"},
{"cleaned_name": "extending_graphstructures.html", "url": "https://theano-pymc.readthedocs.io/en/latest/extending/graphstructures.html", "size": "51305", "referer": "https://theano-pymc.readthedocs.io/en/latest/glossary.html", "title": "Graph Structures \u2014 Theano 1.1.2+29.g8b2825658.dirty documentation"},
{"cleaned_name": "tutorial_broadcasting.html", "url": "https://theano-pymc.readthedocs.io/en/latest/tutorial/broadcasting.html", "size": "18977", "referer": "https://theano-pymc.readthedocs.io/en/latest/glossary.html", "title": "Broadcasting \u2014 Theano 1.1.2+29.g8b2825658.dirty documentation"},
{"cleaned_name": "introduction.html", "url": "https://theano-pymc.readthedocs.io/en/latest/introduction.html", "size": "24211", "referer": "https://theano-pymc.readthedocs.io/en/latest/", "title": "Theano at a Glance \u2014 Theano 1.1.2+29.g8b2825658.dirty documentation"},
{"cleaned_name": "NEWS.html", "url": "https://theano-pymc.readthedocs.io/en/latest/NEWS.html", "size": "10766", "referer": "https://theano-pymc.readthedocs.io/en/latest/", "title": "Release Notes \u2014 Theano 1.1.2+29.g8b2825658.dirty documentation"},
{"cleaned_name": "_static_ofg2.html", "url": "https://theano-pymc.readthedocs.io/en/latest/_static/ofg2.html", "size": "8115", "referer": "https://theano-pymc.readthedocs.io/en/latest/library/d3viz/index.html"},
{"cleaned_name": "_static_ofg.html", "url": "https://theano-pymc.readthedocs.io/en/latest/_static/ofg.html", "size": "8963", "referer": "https://theano-pymc.readthedocs.io/en/latest/library/d3viz/index.html"},
{"cleaned_name": "_static_mlp2.html", "url": "https://theano-pymc.readthedocs.io/en/latest/_static/mlp2.html", "size": "6406", "referer": "https://theano-pymc.readthedocs.io/en/latest/library/d3viz/index.html"},
{"cleaned_name": "_static_mlp.html", "url": "https://theano-pymc.readthedocs.io/en/latest/_static/mlp.html", "size": "6168", "referer": "https://theano-pymc.readthedocs.io/en/latest/library/d3viz/index.html"},
{"cleaned_name": "_downloads_05646ca4da55d2ae4a4aebe04bc913fc_index.ipynb.html", "url": "https://theano-pymc.readthedocs.io/en/latest/_downloads/05646ca4da55d2ae4a4aebe04bc913fc/index.ipynb", "size": "216435", "referer": "https://theano-pymc.readthedocs.io/en/latest/library/d3viz/index.html"}
]