[
{"cleaned_name": "index.html", "url": "https://yarl.readthedocs.io/en/latest/", "size": "19995", "referer": null, "title": "yarl \u2014 yarl 1.7.2- documentation"},
{"cleaned_name": "search.html", "url": "https://yarl.readthedocs.io/en/latest/search.html", "size": "5800", "referer": "https://yarl.readthedocs.io/en/latest/", "title": "Search \u2014 yarl 1.7.2- documentation"},
{"cleaned_name": "py-modindex.html", "url": "https://yarl.readthedocs.io/en/latest/py-modindex.html", "size": "6015", "referer": "https://yarl.readthedocs.io/en/latest/", "title": "Python Module Index \u2014 yarl 1.7.2- documentation"},
{"cleaned_name": "genindex.html", "url": "https://yarl.readthedocs.io/en/latest/genindex.html", "size": "14964", "referer": "https://yarl.readthedocs.io/en/latest/", "title": "Index \u2014 yarl 1.7.2- documentation"},
{"cleaned_name": "api.html", "url": "https://yarl.readthedocs.io/en/latest/api.html", "size": "111956", "referer": "https://yarl.readthedocs.io/en/latest/", "title": "Public API \u2014 yarl 1.7.2- documentation"}
]